Tree_ID,Tree_sp,Plot,Cardinal.Direction,Distance.from.stem..cm,Total.Hole.depth..cm,Organic.Sample.Depth..cm,Mineral.Sample.Depth..cm,Soil.Temp,VWC1,VWC2,VWC3,ORP..mV,Time.Collected,Date.Collected,Personel,Notes
WP9,PIST,,N,155,42.5,5,37.5,18.6,15.6,15.2,13.4,374,8:27,7/30/21,"Jon, Les, Taylor",
WP9,PIST,,E,155,37,7,30,18.8,14.1,15.8,12.2,346,8:30,7/30/21,"Jon, Les, Taylor",
WP9,PIST,,S,155,13.5,5.5,8,18.6,17.1,15.8,14.8,366,8:25,7/30/21,"Jon, Les, Taylor",
WP9,PIST,,W ,155,20.5,6.5,14,18.4,20.2,17.3,25.8,324,8:22,7/30/21,"Jon, Les, Taylor",
RO13,QURU,,N,135,25,20,5,18.3,12.1,24.6,18.2,294,9:23,7/30/21,"Jon, Les, Taylor",
RO13,QURU,,E,135,14,4.5,9.5,18.5,18.7,19.5,22.4,293,9:10,7/30/21,"Jon, Les, Taylor",
RO13,QURU,,S,135,24,6,18,18.7,20.1,15.8,20.6,380,9:15,7/30/21,"Jon, Les, Taylor",
RO13,QURU,,W ,135,28,10,18,18.4,15,13.8,13.7,363,9:18,7/30/21,"Jon, Les, Taylor",
RO11,QURU,,N,140,26.5,3.5,23,18.9,14.9,13.8,11.6,387,9:59,7/30/21,"Jon, Les, Taylor",
RO11,QURU,,E,140,26.5,4.5,22,18.9,11.6,12.8,12.4,394,10:02,7/30/21,"Jon, Les, Taylor",
RO11,QURU,,S,140,33.5,6,27.5,18.9,10.5,10.6,10.5,389,10:05,7/30/21,"Jon, Les, Taylor",
RO11,QURU,,W,140,34.5,7.5,27,18.8,21.8,17.9,12.1,371,10:05,7/30/21,"Jon, Les, Taylor",
RO10,QURU,,N,110,27.5,4.5,23,18.3,16.6,18.4,14.3,473,10:25,7/30/21,"Jon, Les, Taylor",
RO10,QURU,,E,110,27.5,5.5,22,18.5,17.5,19.6,14.4,289,10:22,7/30/21,"Jon, Les, Taylor",
RO10,QURU,,S,110,21,5,16,18.4,16.8,16.3,16.4,354,10:17,7/30/21,"Jon, Les, Taylor",
RO10,QURU,,W,110,12.5,6,6.5,18.3,29.5,19.2,20.1,357,10:27,7/30/21,"Jon, Les, Taylor",
BB3,BELE,,N,105,28.5,5,23.5,18.8,19.3,18.9,14.2,277,11:23,7/30/21,"Jon, Les, Taylor",
BB3,BELE,,E,105,30.5,4.5,26,19,14.4,11.9,8.4,280,11:25,7/30/21,"Jon, Les, Taylor",
BB3,BELE,,S,105,26,4,22,19.2,11.5,13.4,11.3,259,11:28,7/30/21,"Jon, Les, Taylor",
BB3,BELE,,W,105,25.5,8.5,17,19,15.4,11.1,16.4,262,11:27,7/30/21,"Jon, Les, Taylor",
PB3,BEPA,,N,110,24,0.5,23.5,18.5,18.5,24.7,27.9,198,,7/30/21,"Jon, Les, Taylor",
PB3,BEPA,,E,110,19,1,18,18.3,25.6,19.8,22.7,262,,7/30/21,"Jon, Les, Taylor",
PB3,BEPA,,S,110,29.5,9.5,20,18.6,23.2,26.2,21.1,232,,7/30/21,"Jon, Les, Taylor",
PB3,BEPA,,W,110,16.5,7,9.5,18.8,20.6,15.3,17.5,273,,7/30/21,"Jon, Les, Taylor",
RM14,ACRU,,N,100,18,11,7,18.5,11.5,11.9,11.7,270,13:18,7/30/21,"Jon, Les, Taylor",
RM14,ACRU,,E,100,14,7.5,6.5,18.4,10.9,11.1,10.5,281,13:23,7/30/21,"Jon, Les, Taylor",
RM14,ACRU,,S,100,7.5,7,0.5,18.6,17.8,14.5,10.6,250,13:20,7/30/21,"Jon, Les, Taylor",Rocky
RM14,ACRU,,W,100,28.5,11.5,17,18.5,10.9,8.2,11.5,219,13:16,7/30/21,"Jon, Les, Taylor",
PB1,BEPA,,N,,20,9.5,10.5,18.6,19.2,18.9,17.1,277,14:05,7/30/21,"Jon, Les, Taylor",
PB1,BEPA,,E,,25,3,22,18.5,7.2,12.6,7.9,178,14:03,7/30/21,"Jon, Les, Taylor",
PB1,BEPA,,S,,11.5,4,7.5,18.7,12.2,11.9,13.9,189,13:59,7/30/21,"Jon, Les, Taylor",
PB1,BEPA,,W,,19.5,3.5,16,18.6,14.3,15.2,9.3,262,14:08,7/30/21,"Jon, Les, Taylor",
PB2,BEPA,,N,105,23,6,17,18.7,8.9,12.5,6.6,255,14:34,,,
PB2,BEPA,,E,105,23.5,10,13.5,18.6,9.1,12.9,14.9,281,14:37,,,
PB2,BEPA,,S,105,21,6.5,14.5,19,15.2,15,14.7,275,14:40,,,
PB2,BEPA,,W,105,12,5.5,6.5,19,12.1,5.9,12.2,198,14:31,,,
WP7,PIST,,N,151,13,6.5,6.5,18.4,7.9,8.8,7.9,398,16:32,,,
WP7,PIST,,E,151,28.5,9.5,19,18.3,12.8,15.7,11.5,220,16:35,,,
WP7,PIST,,S,151,16.5,8,8.5,18.9,8.2,7.3,9.2,353,16:45,,,
WP7,PIST,,W,151,24.5,7,17.5,18.8,7.9,11.5,13.5,367,16:40,,,
RO9,QURU,Lowland,N,150,15.5,4,11.5,18.5,13.2,15.8,16.4,336,8:58,7/29/21,"Jon, Les, Taylor",
RO9,QURU,,W,150,25,4.5,20.5,18.7,6.8,13.4,12.1,317,9:01,7/29/21,"Jon, Les, Taylor",
RO9,QURU,,E,150,8.5,6,2.5,18.4,12.5,12.9,11.8,248,9:07,7/29/21,"Jon, Les, Taylor",
RO9,QURU,,S,150,11,9,2,18.4,12.6,18.1,15.3,344,9:07,7/29/21,"Jon, Les, Taylor",
WP06,PIST,,N,140,19.5,5,14.5,18.5,11.4,7.6,11.6,356,9:35,7/29/21,"Jon, Les, Taylor",
WP06,PIST,,E,140,23,7,16,18.5,6.9,8.2,8.9,317,9:37,7/29/21,"Jon, Les, Taylor",
WP06,PIST,,W,140,30,12,18,18.3,11.8,12.2,8.3,278,9:33,7/29/21,"Jon, Les, Taylor",
WP06,PIST,,S,140,27,19.5,7.5,18.4,6.7,7,9.3,303,9:40,7/29/21,"Jon, Les, Taylor",
WP08,PIST,,N,120,28,9,19,18.3,14,10.2,18.7,310,10:35,7/29/21,"Jon, Les, Taylor",
WP08,PIST,,W,120,13,6.5,6.5,18.4,8.4,8.9,12.2,268,10:32,7/29/21,"Jon, Les, Taylor",
WP08,PIST,,E,120,17,7.5,9.5,18.3,9.7,12.2,3.3,213,10:24,7/29/21,"Jon, Les, Taylor",
WP08,PIST,,S,120,32.5,8.5,24,18.6,14.9,7.9,10.5,257,10:27,7/29/21,"Jon, Les, Taylor",
ML1,KALA,,N,100,29,5.5,23.5,18.5,15.6,15.3,13.6,290,11:03,7/29/21,"Jon, Les, Taylor",
ML1,KALA,,S,100,7,2,5,18.5,9.9,11.6,12.3,295,,7/29/21,"Jon, Les, Taylor",
H8,TSCA,,N,125,35,14.5,20.5,18.4,12.6,9.2,10.3,306,11:38,7/29/21,"Jon, Les, Taylor",
H8,TSCA,,E,125,6,2.5,3.5,18.3,11.9,7.7,9.2,293,11:47,7/29/21,"Jon, Les, Taylor",
H8,TSCA,,S,125,30.5,17.5,13,18.4,11.6,10.8,9.4,284,11:45,7/29/21,"Jon, Les, Taylor",
H8,TSCA,,W,125,16,11,5,18.4,8.5,13.2,12.8,303,11:41,7/29/21,"Jon, Les, Taylor",
H9,TSCA,,N,100,18,4.5,13.5,18.8,11.8,8,9.6,306,12:20,7/29/21,"Jon, Les, Taylor",
H9,TSCA,,E,100,16,12,4,18.4,11.2,7.3,13.9,320,12:11,7/29/21,"Jon, Les, Taylor",
H9,TSCA,,S,100,12.5,6.5,6,18.4,13.2,12.5,12.5,324,12:14,7/29/21,"Jon, Les, Taylor",
H9,TSCA,,W,100,11.5,4.5,7,18.4,10.4,12.9,13,305,12:17,7/29/21,"Jon, Les, Taylor",
RO8 ,QURU,,N,125,16.5,7.5,9,18.8,17.2,11.1,10.4,309,14:20,7/29/21,"Jon, Les, Taylor",Two trees w/same base. Distance = DBH of each tree
RO8 ,QURU,,E,125,22.5,6.5,16,18.8,7.9,8.7,11.4,328,14:24,7/29/21,"Jon, Les, Taylor",
RO8 ,QURU,,S,125,25.5,4.5,21,19,12.6,12.5,14,303,14:18,7/29/21,"Jon, Les, Taylor",
RO8 ,QURU,,W,125,11,10.5,0.5,18.9,11.6,12.6,11.5,324,14:16,7/29/21,"Jon, Les, Taylor",
RO7,QURU,,N,125,16.5,7.5,9,18.8,17.2,11.1,10.4,309,14:20,7/29/21,"Jon, Les, Taylor",Two trees w/same base. Distance = DBH of each tree
RO7,QURU,,E,125,22.5,6.5,16,18.8,7.9,8.7,11.4,328,14:24,7/29/21,"Jon, Les, Taylor",
RO7,QURU,,S,125,25.5,4.5,21,19,12.6,12.5,14,303,14:18,7/29/21,"Jon, Les, Taylor",
RO7,QURU,,W,125,11,10.5,0.5,18.9,11.6,12.6,11.5,324,14:16,7/29/21,"Jon, Les, Taylor",
ML2,KALA,,N,100,8,4,4,18.7,13.2,13.8,11.9,314,15:25,7/29/21,"Jon, Les, Taylor",
ML2,KALA,,S,100,27,8,19,18.8,12,12.5,9,295,15:46,7/29/21,"Jon, Les, Taylor",
ML3,KALA,,N,,12.5,9.5,3,18.6,8.6,11.9,12.6,377,16:11,7/29/21,"Jon, Les, Taylor",
ML3,KALA,,S,,19,4.5,14.5,18.6,21.6,6.1,18.9,328,16:04,7/29/21,"Jon, Les, Taylor",
H2,TSCA,Lowland,W,130,13.5,13.5,0,16.3,13.3,11.9,15.1,237,10:21,7/25/21,"Les, Wyatt, Jon",rock under
H2,TSCA,,S,130,44,24,20,16.1,25.8,26.7,20.4,322,10:16,7/25/21,"Les, Wyatt, Jon",
H2,TSCA,,E,130,31,31,0,15.7,21.8,15.8,7.6,281,10:23,7/25/21,"Les, Wyatt, Jon",rock under
H2,TSCA,,N,130,44,44,0,14.6,30.5,15.1,10.2,262,10:26,7/25/21,"Les, Wyatt, Jon",WTD 29cm
WP2,PIST,,N,100,31.5,13.5,18,16,18.3,35.7,25.8,321,10:35,7/25/21,"Les, Wyatt, Jon",
WP2,PIST,,E,100,38,21,17,16.2,23.1,19.6,22.4,279,10:37,7/25/21,"Les, Wyatt, Jon",
WP2,PIST,,S,100,37,15.5,21.5,16,18.6,21.1,21.5,268,10:50,7/25/21,"Les, Wyatt, Jon",
WP2,PIST,,W,100,40,17,23,16.2,12.2,19.8,17.6,292,10:59,7/25/21,"Les, Wyatt, Jon",
WP4,PIST,,N,185,41.5,41.5,0,15.9,44.5,37.2,31,293,12:04,7/25/21,"Les, Wyatt, Jon",WTD 14cm
WP4,PIST,,E,185,45,45,0,16.9,23.2,37,18.3,276,,7/25/21,"Les, Wyatt, Jon",WTD 16cm
WP4,PIST,,S,185,28,28,0,16.7,19.5,23.2,34.2,305,12:11,7/25/21,"Les, Wyatt, Jon",rocks
WP4,PIST,,W,185,36,36,0,16.3,28.7,11.3,39.3,356,12:07,7/25/21,"Les, Wyatt, Jon",WTD 25cm
WP3,PIST,,W,220,45,45,0,17.5,17,38.5,23.2,301,13:00,7/25/21,"Les, Wyatt, Jon",WTD 18cm from surface
WP3,PIST,,N,220,45,45,0,18,36,50.1,48.3,279,13:00,7/25/21,"Les, Wyatt, Jon",
WP3,PIST,,E,220,45,45,0,17.6,43.5,44.9,44.8,295,13:00,7/25/21,"Les, Wyatt, Jon",WTD 17cm from surface
WP3,PIST,,S,220,45,45,0,17.3,13.9,23.2,22.9,295,13:00,7/25/21,"Les, Wyatt, Jon",
H3,TSCA,,W,220,45,45,0,17.5,17,38.5,23.2,301,13:00,7/25/21,"Les, Wyatt, Jon","WTD 18cm from surface, Same Samples as WP3"
H3,TSCA,,N,220,45,45,0,18,36,50.1,48.3,279,13:00,7/25/21,"Les, Wyatt, Jon",
H3,TSCA,,E,220,45,45,0,17.6,43.5,44.9,44.8,295,13:00,7/25/21,"Les, Wyatt, Jon","WTD 17cm from surface, Same Samples as WP3"
H3,TSCA,,S,220,45,45,0,17.3,13.9,23.2,22.9,295,13:00,7/25/21,"Les, Wyatt, Jon",
H4,TSCA,,W,100,45,45,0,16.4,27.1,25.2,27.4,245,14:12,7/25/21,"Les, Wyatt, Jon",WTD 24 cm
H4,TSCA,,N,100,45,45,0,17.1,44.9,51,15.9,174,14:17,7/25/21,"Les, Wyatt, Jon",WTD 15cm
H4,TSCA,,E,100,45,45,0,18,25.5,26.5,24,327,14:21,7/25/21,"Les, Wyatt, Jon",WTD 24.5cm
H4,TSCA,,S,100,45,45,0,14.9,37.7,47.6,46,273,14:25,7/25/21,"Les, Wyatt, Jon",WTD 7.5cm
H5 ,TSCA,,S,140,28,2,26,17.8,35.9,25,24.6,318,15:13,7/25/21,"Les, Wyatt, Jon",
H5 ,TSCA,,E,140,48.5,41,7.5,17.8,21.5,21.2,12.2,303,15:19,7/25/21,"Les, Wyatt, Jon",
H5 ,TSCA,,W,140,17.5,2.5,15,17,32.4,22.2,41.1,297,15:20,7/25/21,"Les, Wyatt, Jon",
H5 ,TSCA,,N,140,45,45,0,16.7,48.2,44.8,35.4,184,15:26,7/25/21,"Les, Wyatt, Jon",WTD 13.5cm
WP5,PIST,,N,220,15,7.5,7.5,17.1,36.8,24.3,26.9,254,16:09,7/25/21,"Les, Wyatt, Jon",
WP5,PIST,,E,220,17.5,8.5,9,16.4,46.2,42.4,38.6,228,16:12,7/25/21,"Les, Wyatt, Jon",
WP5,PIST,,S,220,17.5,11,6.5,16,17.5,20.6,32.1,220,16:19,7/25/21,"Les, Wyatt, Jon",
WP5,PIST,,W,220,15,8,7,17,15.7,20.6,26.4,27.2,,7/25/21,"Les, Wyatt, Jon",
RO1,QURU,,W,110,11.5,7.5,4,18.2,19,21.4,24.6,257,15:00,,,
RO1,QURU,,N,110,14,8,6,17.8,10.6,11.9,7,263,15:00,,,
RO1,QURU,,E,110,20,5.5,14.5,17.8,8.4,10.3,18,274,15:00,,,
RO1,QURU,,S,110,26,11,15,18,18.1,17.7,23.3,301,15:00,,,
RM3,ACRU,,W,120,28.5,13,15.5,17.2,25.3,23.8,19.6,340,,,,
RM3,ACRU,,N,120,30.5,19.5,11,12.1,30.5,26.9,21.8,339,,,,
RM3,ACRU,,E,120,31.5,9.5,22,17.3,21.9,17.8,16.9,334,,,,
RM3,ACRU,,S,120,26.5,16.5,10,16.3,27.3,23.4,18.9,320,,,,
YB4,BEAL,,N,100,39,16.5,22.5,18,12.4,NA,,409,,7/26/21,"Judith, Wyatt, Jon",
YB4,BEAL,,W,100,42.5,19.5,23,18.3,17.7,NA,,452,,7/26/21,"Judith, Wyatt, Jon",
YB4,BEAL,,S,100,25,15,10,17.9,28.3,NA,,447,,7/26/21,"Judith, Wyatt, Jon",
YB4,BEAL,,E,100,18.5,9.5,9,17.8,13.1,NA,,384,,7/26/21,"Judith, Wyatt, Jon",
BC4,BEAL,,N,100,18.5,7,11.5,18.3,15.6,NA,,419,,7/26/21,"Judith, Wyatt, Jon",
BC4,BEAL,,W,100,18,5.5,12.5,18,17.4,NA,,421,,7/26/21,"Judith, Wyatt, Jon",
BC4,BEAL,,S,100,26,11.5,14.5,18,8.7,NA,,281,,7/26/21,"Judith, Wyatt, Jon",
BC4,BEAL,,E,100,27,14,13,17.9,10.3,NA,,380,,7/26/21,"Judith, Wyatt, Jon",
BC2,BEAL,,N,100,31.5,15.5,16,15.9,23,NA,,426,,7/26/21,"Judith, Wyatt, Jon","one w/ribbon, but has 2 stems"
BC2,BEAL,,W,100,23.5,11.5,12,16.2,16.2,11.2,21.9,405,,7/26/21,"Judith, Wyatt, Jon",
BC2,BEAL,,S,100,25.5,10.5,15,15.1,11.4,18.6,17.6,426,,7/26/21,"Judith, Wyatt, Jon",
BC2,BEAL,,E,100,25.5,15.5,10,15.3,7.9,14.6,14.5,385,,7/26/21,"Judith, Wyatt, Jon",
RMS1,ACRU,,N,100,54,24,30,15.5,20.2,35.4,17.7,289,12:02,7/26/21,"Judith, Wyatt, Jon",
RMS1,ACRU,,E,100,28.5,15,13.5,15.4,10.3,14.7,12.2,320,12:04,7/26/21,"Judith, Wyatt, Jon",
RMS1,ACRU,,S,100,14.5,14.5,water,18.1,27.1,31.2,25.2,361,12:08,7/26/21,"Judith, Wyatt, Jon",
RMS1,ACRU,,(W),*wet,0,NA,,18.2,,NA,,271,12:35,7/26/21,"Judith, Wyatt, Jon","aquatic, in stream"
YB5,BEAL,,W,100,25,6,19,16.5,50.7,46.3,50.1,330,13:04,7/26/21,"Judith, Wyatt, Jon",
YB5,BEAL,,E,100,20,3.5,16.5,15,37.9,40.7,38.2,348,13:06,7/26/21,"Judith, Wyatt, Jon",
YB5,BEAL,,S,*wet,14,14,,14.5,,NA,,325,13:07,7/26/21,"Judith, Wyatt, Jon",
YB5,BEAL,,N,*wet,0,NA,,13.6,,NA,,149,13:09,7/26/21,"Judith, Wyatt, Jon",
AB6,FAGR,,E,100,25.5,7.5,18,18.7,10.4,7.5,13.9,438,14:50,7/26/21,"Judith, Wyatt, Jon",beaverchewed base
AB6,FAGR,,N,100,21,3,18,18.1,14.5,16.5,17.4,353,14:52,7/26/21,"Judith, Wyatt, Jon",
AB6,FAGR,,W,100,28,3.5,24.5,18.5,16.7,16.5,18.9,366,14:55,7/26/21,"Judith, Wyatt, Jon",
AB6,FAGR,,S,100,19,5,14,18.7,14,19.3,14.5,300,14:57,7/26/21,"Judith, Wyatt, Jon",
AB5,FAGR,,N,100,9,4.5,4.5,18.5,22.3,20.5,24.5,270,15:56,7/26/21,"Judith, Wyatt, Jon",
AB5,FAGR,,E,100,25,4,21,18.7,21.8,29.1,14.1,319,15:54,7/26/21,"Judith, Wyatt, Jon",
AB5,FAGR,,W,100,13.5,5,8.5,17.7,22.1,13.2,12.5,361,15:58,7/26/21,"Judith, Wyatt, Jon",
AB5,FAGR,,S,100,22,6,16,17.9,14.7,17.9,14.6,373,16:00,7/26/21,"Judith, Wyatt, Jon",
PB4,BEPA,,E,100,5.5,2.5,3,18.9,19.1,16.5,14.6,377,16:30,7/26/21,"Judith, Wyatt, Jon",
PB4,BEPA,,N,100,16.5,6,10.5,17.7,11.2,9.3,11.4,336,16:36,7/26/21,"Judith, Wyatt, Jon",
PB4,BEPA,,W,100,12,5,7,18.1,12.3,14.9,10.1,293,16:43,7/26/21,"Judith, Wyatt, Jon",
PB4,BEPA,,S,100,18,2,16,18.8,20.1,21.5,9.1,297,16:32,7/26/21,"Judith, Wyatt, Jon",
PB5,BEPA,,S,115,13.5,4.5,9,18.5,10.5,18.9,16.2,357,16:54,7/26/21,"Judith, Wyatt, Jon",
PB5,BEPA,,W,115,20,4,16,18.2,15.7,14.1,14.4,347,16:55,7/26/21,"Judith, Wyatt, Jon",
PB5,BEPA,,N,115,20,5,15,18,13.9,12.6,16.3,362,16:57,7/26/21,"Judith, Wyatt, Jon",
PB5,BEPA,,E,115,8,4,4,18.1,9.6,12.9,12.1,247,17:00,7/26/21,"Judith, Wyatt, Jon",
YB3,BEAL,,S,100,21,7,14,18.5,12.5,11.8,10,307,17:22,7/26/21,"Judith, Wyatt, Jon",
YB3,BEAL,,W,100,17,8,9,18.1,11.9,12.9,15.3,313,17:24,7/26/21,"Judith, Wyatt, Jon",
YB3,BEAL,,N,100,29.5,11.5,18,17.4,15.5,15.8,11.8,291,17:26,7/26/21,"Judith, Wyatt, Jon",
YB3,BEAL,,E,100,26.5,8,18.5,18.4,13.1,15.9,12.7,303,17:20,7/26/21,"Judith, Wyatt, Jon",
RO101,QURU,,W,,23.5,3.5,20,17.5,25.9,NA,,417,9:20,7/23/21,"Jon, Wyatt, Taylor",
RO101,QURU,,N,,15,9.5,5.5,17.4,10.9,NA,,409,9:03,7/23/21,"Jon, Wyatt, Taylor",
RO101,QURU,,E,,12,5.5,6.5,17.5,22.4,NA,,458,9:10,7/23/21,"Jon, Wyatt, Taylor",
RO101,QURU,,S,,27,4,23,18.1,21.3,NA,,295,9:15,7/23/21,"Jon, Wyatt, Taylor",
H103,TSCA,,N,,21,4,17,17.4,31.9,NA,,384,9:47,7/23/21,"Jon, Wyatt, Taylor",
H103,TSCA,,E,,16.5,9,7.5,17.7,22.2,NA,,438,9:50,7/23/21,"Jon, Wyatt, Taylor",
H103,TSCA,,S,,28.5,10,18.5,17.6,19.5,NA,,466,9:52,7/23/21,"Jon, Wyatt, Taylor",
H103,TSCA,,W,,9.5,5,4.5,17.3,38.8,NA,,443,9:45,7/23/21,"Jon, Wyatt, Taylor",
H101,TSCA,,N,,19,6,13,17.2,35.1,NA,,465,10:25,7/23/21,"Jon, Wyatt, Taylor",Dead RO ~1.5m S
H101,TSCA,,E,,13,4,9,17.1,32.5,NA,,365,10:27,7/23/21,"Jon, Wyatt, Taylor",
H101,TSCA,,S,,4.5,4.5,,17.1,33.2,NA,,413,10:30,7/23/21,"Jon, Wyatt, Taylor",
H101,TSCA,,W,,12,10.5,1.5,17,24.1,NA,,448,10:32,7/23/21,"Jon, Wyatt, Taylor",
RO102,QURU,,N,,26,2,24,17.6,17.2,NA,,406,12:07,7/23/21,"Jon, Wyatt, Taylor",
RO102,QURU,,E,,26,3,23,18,26.3,NA,,434,12:10,7/23/21,"Jon, Wyatt, Taylor",
RO102,QURU,,S,,25.5,5.5,20,18.1,20.4,NA,,384,12:12,7/23/21,"Jon, Wyatt, Taylor",
RO102,QURU,,W,,13.5,7.5,6,18,18.1,NA,,433,12:14,7/23/21,"Jon, Wyatt, Taylor",
RO105,QURU,,W,,24,3.5,20.5,17.7,18.5,NA,,443,13:50,7/23/21,"Jon, Wyatt, Taylor",
RO105,QURU,,N,,8,3,5,17.4,20.6,NA,,417,13:52,7/23/21,"Jon, Wyatt, Taylor",
RO105,QURU,,E,,18,5.5,12.5,17.9,31.3,NA,,431,13:55,7/23/21,"Jon, Wyatt, Taylor",
RO105,QURU,,S,,22,4,18,18.1,24.8,NA,,425,13:58,7/23/21,"Jon, Wyatt, Taylor",
H104,TSCA,,W,,28.5,4.5,24,17.6,18.1,NA,,385,14:25,7/23/21,"Jon, Wyatt, Taylor",
H104,TSCA,,N,,27,4,23,17.3,28.2,NA,,364,14:26,7/23/21,"Jon, Wyatt, Taylor",
H104,TSCA,,E,,8.5,3.5,5,17.7,29.1,NA,,432,14:28,7/23/21,"Jon, Wyatt, Taylor",
H104,TSCA,,S,,17.5,3.5,14,17.6,35.1,NA,,433,14:30,7/23/21,"Jon, Wyatt, Taylor",
H102,TSCA,,N,,27,2,25,17.3,40.9,NA,,420,15:25,7/23/21,"Jon, Wyatt, Taylor",
H102,TSCA,,E,,24,3,21,17.3,34.8,NA,,444,15:30,7/23/21,"Jon, Wyatt, Taylor",
H102,TSCA,,S,,4,2,2,17.6,30.9,NA,,423,15:35,7/23/21,"Jon, Wyatt, Taylor",
H102,TSCA,,W,,27,3,24,17.2,25.6,NA,,433,15:36,7/23/21,"Jon, Wyatt, Taylor",
RO104,QURU,,W,,12,6.5,5.5,17.7,15.9,NA,,428,16:16,7/23/21,"Jon, Wyatt, Taylor",
RO104,QURU,,N,,8,3.5,4.5,17.6,20.5,NA,,443,16:14,7/23/21,"Jon, Wyatt, Taylor",
RO104,QURU,,E,,24.5,5.5,19,17.8,18.3,NA,,466,16:12,7/23/21,"Jon, Wyatt, Taylor",
RO104,QURU,,S,,15,5,10,17.6,14.7,NA,,419,16:10,7/23/21,"Jon, Wyatt, Taylor",
RO103,QURU,,N,,26,10,16,16.1,17.5,NA,,402,16:57,,,
RO103,QURU,,E,,24,9.5,14.5,17.6,11.5,NA,,430,16:59,,,
RO103,QURU,,S,,19,3.5,15.5,17.8,13.6,NA,,465,17:01,,,
RO103,QURU,,W,,26.5,5.5,21,17.4,13.3,NA,,434,16:55,,,
BB11,BELE,,W,,2,2,,15,16.6,NA,,349,10:10,7/22/21,"Jon, Wyatt, Taylor",
BB11,BELE,,N,,11.5,7.5,4,14.1,22.9,NA,,398,10:13,7/22/21,"Jon, Wyatt, Taylor",
BB11,BELE,,E,,20.5,17,3.5,14.8,11.4,NA,,368,10:15,7/22/21,"Jon, Wyatt, Taylor",
BB11,BELE,,S,,21.5,7.5,14,15.3,17.1,NA,,376,10:17,7/22/21,"Jon, Wyatt, Taylor",
BB12,BELE,,N,,5.5,3.5,2,17.9,12.2,NA,,427,11:08,7/22/21,"Jon, Wyatt, Taylor",
BB12,BELE,,E,,19,11,8,18.1,11.8,NA,,428,11:10,7/22/21,"Jon, Wyatt, Taylor",
BB12,BELE,,S,,11,4.5,6.5,18,13,NA,,439,11:15,7/22/21,"Jon, Wyatt, Taylor",
BB12,BELE,,W,,6.5,4.5,2,17.7,12.2,NA,,399,11:18,7/22/21,"Jon, Wyatt, Taylor",
BB13,BELE,,N,,20.75,12,8.75,17.8,23.1,NA,,333,12:05,7/22/21,"Jon, Wyatt, Taylor",
BB13,BELE,,E,,11,7.5,3.5,18.5,12.7,NA,,347,12:10,7/22/21,"Jon, Wyatt, Taylor",
BB13,BELE,,S,,26,3.5,22.5,18.3,22.9,NA,,387,12:15,7/22/21,"Jon, Wyatt, Taylor",
BB13,BELE,,W,,4.5,3,1.5,18.3,14.9,NA,,374,12:18,7/22/21,"Jon, Wyatt, Taylor",
BB14,BELE,,N,,14,1,13,18.2,10.8,NA,,347,12:39,7/22/21,"Jon, Wyatt, Taylor",
BB14,BELE,,E,,7,2.5,4.5,18.2,11.2,NA,,402,12:41,7/22/21,"Jon, Wyatt, Taylor",
BB14,BELE,,S,,16,2,14,18.3,13.9,NA,,395,12:45,7/22/21,"Jon, Wyatt, Taylor",
BB14,BELE,,W,,22,1,21,14.6,18.4,NA,,374,12:50,7/22/21,"Jon, Wyatt, Taylor",
BB16,BELE,,N,,16,4.5,11.5,16.4,31.1,NA,,368,14:05,7/22/21,"Jon, Wyatt, Taylor",
BB16,BELE,,E,,8,4.5,3.5,17.1,24.2,NA,,377,14:08,7/22/21,"Jon, Wyatt, Taylor",
BB16,BELE,,S,,16.5,2,14.5,17.2,19.4,NA,,381,14:10,7/22/21,"Jon, Wyatt, Taylor",
BB16,BELE,,W,,27,4.5,22.5,17.4,17.8,NA,,344,14:15,7/22/21,"Jon, Wyatt, Taylor",
BB16',BELE,,N,,9.5,3.5,6,17,14.6,NA,,409,14:37,7/22/21,"Jon, Wyatt, Taylor",
BB16',BELE,,E,,9.5,3.5,6,17.4,15.7,NA,,381,14:40,7/22/21,"Jon, Wyatt, Taylor",
BB16',BELE,,S,,16.5,5.5,11,17.1,19.5,NA,,440,14:45,7/22/21,"Jon, Wyatt, Taylor",
BB16',BELE,,W,,11,4.5,6.5,17.3,15.5,NA,,416,14:48,7/22/21,"Jon, Wyatt, Taylor",
WP101,PIST,,N,,12.5,4.5,8,17.9,16.4,NA,,438,15:56,7/22/21,"Jon, Wyatt, Taylor",
WP101,PIST,,E,,17,5,12,17.8,10,NA,,393,16:01,7/22/21,"Jon, Wyatt, Taylor",
WP101,PIST,,S,,14.5,6.5,8,17.9,21.1,NA,,398,16:06,7/22/21,"Jon, Wyatt, Taylor",
WP101,PIST,,W,,17,5,12,18.2,14,NA,,469,16:08,7/22/21,"Jon, Wyatt, Taylor",
WP102,PIST,,N,,17,5,12,18.2,16.3,NA,,469,16:09,7/22/21,"Jon, Wyatt, Taylor",
WP102,PIST,,E,,17,5,12,18.2,11.4,NA,,469,16:10,7/22/21,"Jon, Wyatt, Taylor",
WP102,PIST,,S,,17,5,12,18.2,20.8,NA,,469,16:11,7/22/21,"Jon, Wyatt, Taylor",
WP102,PIST,,W,,17,5,12,18.2,20.7,NA,,469,16:12,7/22/21,"Jon, Wyatt, Taylor",
WP103,PIST,,N,,17.5,4,13.5,18.8,11.6,NA,,400,17:00,,,
WP103,PIST,,E,,23.5,7,16.5,18,14.5,NA,,432,,,,
WP103,PIST,,S,,12,3,9,18,15.8,NA,,397,,,,
WP103,PIST,,W,,23.5,2.5,21,18.3,13.5,NA,,428,,,,
SM1,ACSA,Lab,S,,0,NA,,18.2,43.5,NA,,325,13:55,7/19/21,"MB, MH, JG",forgot to record depth
SM1,ACSA,,W,,0,NA,,18.3,35,NA,,369,13:57,7/19/21,"MB, MH, JG",forgot to record depth
SM1,ACSA,,N,,0,NA,,18.1,40.9,NA,,382,13:59,7/19/21,"MB, MH, JG",forgot to record depth
SM1,ACSA,,E,,0,NA,,18.2,41.3,NA,,429,14:01,7/19/21,"MB, MH, JG",forgot to record depth
SM2,ACSA,Lab,S,,21,1,20,17.4,47.8,NA,,445,14:55,7/19/21,"MB, MH, JG",
SM2,ACSA,,W,,21,1,20,17.8,42.1,NA,,322,14:55,7/19/21,"MB, MH, JG",
SM2,ACSA,,N,,17,1,16,17.8,36.6,NA,,408,14:55,7/19/21,"MB, MH, JG",
SM2,ACSA,,E,,21,1,20,16.6,39.6,NA,,358,14:55,7/19/21,"MB, MH, JG",
SM3,ACSA,Lab,S,,21,1,20,17.4,41.7,NA,,385,15:50,7/19/21,"MB, MH, JG",
SM3,ACSA,,W,,21,1,20,17.3,46.4,NA,,449,15:50,7/19/21,"MB, MH, JG",
SM3,ACSA,,N,,11,1,10,17.7,44.5,NA,,476,15:50,7/19/21,"MB, MH, JG",
SM3,ACSA,,E,,6,1,5,17.7,27.9,NA,,365,15:50,7/19/21,"MB, MH, JG",
SM4,ACSA,Lab,N,100,21,1,20,18.2,40.7,NA,,458,9:40,7/20/21,"MB, MH, JG",
SM4,ACSA,,E,100,11,1,10,18.5,30.1,NA,,438,9:40,7/20/21,"MB, MH, JG",
SM4,ACSA,,S,100,21,1,20,18.4,39.6,NA,,452,9:45,7/20/21,"MB, MH, JG",
SM4,ACSA,,W,100,21,1,20,17.9,43.3,NA,,422,9:45,7/20/21,"MB, MH, JG",
SM5,ACSA,Lab,N,100,12,2,10,18.6,40.2,NA,,377,10:20,7/20/21,"MB, MH, JG",
SM5,ACSA,,E,100,12,2,10,19,34.8,NA,,445,10:20,7/20/21,"MB, MH, JG",
SM5,ACSA,,S,100,20,2,18,19,34.8,NA,,421,10:25,7/20/21,"MB, MH, JG",
SM5,ACSA,,W,100,22,2,20,18.8,39.7,NA,,416,10:25,7/20/21,"MB, MH, JG",
SM6,ACSA,Lab,N,100,11,1,10,19,33.4,NA,,408,11:00,7/20/21,"MB, MH, JG",
SM6,ACSA,,E,100,21,1,20,18.6,37.8,NA,,406,11:00,7/20/21,"MB, MH, JG",
SM6,ACSA,,S,100,21,1,20,18.6,33.9,NA,,337,11:00,7/20/21,"MB, MH, JG",
SM6,ACSA,,W,100,21,1,20,18.5,39.2,NA,,393,11:00,7/20/21,"MB, MH, JG",
SM7,ACSA,Lab,N,,21.5,1.5,20,18.9,27.8,NA,,365,13:15,7/20/21,"MB, MH, JG",
SM7,ACSA,,E,,21.5,1.5,20,18.8,39.6,NA,,423,13:15,7/20/21,"MB, MH, JG",
SM7,ACSA,,S,,21.5,1.5,20,18.9,32,NA,,381,13:15,7/20/21,"MB, MH, JG",
SM7,ACSA,,W,,21.5,1.5,20,18.9,34.2,NA,,435,13:15,7/20/21,"MB, MH, JG",
SM8,ACSA,Lab,N,100,21,1,20,18.4,36.8,NA,,414,14:00,7/20/21,"MB, MH, JG",
SM8,ACSA,,E,100,21,1,20,18.8,38.8,NA,,410,14:00,7/20/21,"MB, MH, JG",
SM8,ACSA,,S,100,21,1,20,18.9,36.9,NA,,389,14:00,7/20/21,"MB, MH, JG",
SM8,ACSA,,W,100,21,1,20,18.5,39.8,NA,,437,14:00,7/20/21,"MB, MH, JG",
SM9,ACSA,Lab,N,,21,1,20,18.8,40.4,NA,,419,14:30,7/20/21,"MB, MH, JG",
SM9,ACSA,,E,,21,1,20,19.1,33.3,NA,,424,14:30,7/20/21,"MB, MH, JG",
SM9,ACSA,,S,,21,1,20,19.4,33.4,NA,,427,14:30,7/20/21,"MB, MH, JG",
SM9,ACSA,,W,,21,1,20,19,38.5,NA,,436,14:30,7/20/21,"MB, MH, JG",
SM10,ACSA,Lab,N,,21,1,20,18.8,36.2,NA,,531,15:15,7/20/21,"MB, MH, JG",
SM10,ACSA,,E,,21,1,20,19.1,21.3,NA,,419,15:15,7/20/21,"MB, MH, JG",
SM10,ACSA,,S,,21,1,20,19.2,38.2,NA,,439,15:15,7/20/21,"MB, MH, JG",
SM10,ACSA,,W,,6,1,5,18.8,36.4,NA,,428,15:15,7/20/21,"MB, MH, JG",
SM15,ACSA,Lab,N,100,21,1,20,19.1,28.6,NA,,377,9:51,7/21/21,"Ben, Judith, Jon",
SM15,ACSA,,E,100,21,1,20,18.4,28.7,NA,,378,10:09,7/21/21,"Ben, Judith, Jon",
SM15,ACSA,,S,100,21,1,20,18.7,32.7,NA,,437,10:20,7/21/21,"Ben, Judith, Jon",
SM15,ACSA,,W,100,21,1,20,19,22.8,NA,,368,9:50,7/21/21,"Ben, Judith, Jon",
BB5,BELE,Ridge,N,100,20,5,15,15.7,37.1,NA,,360,11:38,7/21/21,"Ben, Judith, Jon",
BB5,BELE,,E,100,7,7,0,18,25.8,NA,,473,11:51,7/21/21,"Ben, Judith, Jon",
BB5,BELE,,S,100,20,3,17,16.6,31.3,NA,,611,11:30,7/21/21,"Ben, Judith, Jon",
BB5,BELE,,W,100,0,NA,,13.7,45.6,NA,,457,11:54,7/21/21,"Ben, Judith, Jon",
BB6,BELE,Ridge,N,100,24,5,19,18.2,20.9,NA,,482,12:00,7/21/21,"Ben, Judith, Jon",
BB6,BELE,,E,100,21,7,14,18.5,28.5,NA,,451,12:43,7/21/21,"Ben, Judith, Jon",
BB6,BELE,,S,100,24,5,19,18.7,22.7,NA,,402,12:48,7/21/21,"Ben, Judith, Jon",
BB6,BELE,,W,100,18,7,11,18.9,21.3,NA,,477,12:55,7/21/21,"Ben, Judith, Jon",
BB7,BELE,Ridge,N,100,0,NA,,NA,,NA,,NA,,7/21/21,"Ben, Judith, Jon",No N sample
BB7,BELE,,E,100,27,6,21,18,42.2,NA,,401,14:04,7/21/21,"Ben, Judith, Jon",
BB7,BELE,,S,100,13,6,7,18.3,39.8,NA,,413,14:02,7/21/21,"Ben, Judith, Jon",
BB7,BELE,,W,100,17,5,12,18.5,35.1,NA,,465,13:59,7/21/21,"Ben, Judith, Jon",
BB8,BELE,Ridge,N,100,13,7,6,19.1,20.9,NA,,447,14:45,7/21/21,"Ben, Judith, Jon",
BB8,BELE,,E,100,17,11,6,19.2,20,NA,,577,14:40,7/21/21,"Ben, Judith, Jon",
BB8,BELE,,S,100,17,7,10,19.3,20.6,NA,,452,14:54,7/21/21,"Ben, Judith, Jon",
BB8,BELE,,W,100,19,10,9,19.1,22.3,NA,,374,14:50,7/21/21,"Ben, Judith, Jon",
BB9,BELE,Ridge,N,100,24,9,15,18.2,38.1,NA,,438,15:30,7/21/21,"Ben, Judith, Jon",
BB9,BELE,,E,100,15,6,9,18.1,29.3,NA,,498,15:35,7/21/21,"Ben, Judith, Jon",
BB9,BELE,,S,100,16,7,9,18.3,22.1,NA,,368,15:50,7/21/21,"Ben, Judith, Jon",
BB9,BELE,,W,100,0,NA,,NA,,NA,,NA,,7/21/21,"Ben, Judith, Jon",No W sample
BB10,BELE,Ridge,N,100,9,9,0,17.1,25.3,NA,,403,16:04,7/21/21,"Ben, Judith, Jon",No mineral soil found
BB10,BELE,,E,100,5,5,0,17.5,18.1,NA,,454,16:49,7/21/21,"Ben, Judith, Jon",No mineral soil found
BB10,BELE,,S,100,11,11,0,17.6,24.4,NA,,439,16:53,7/21/21,"Ben, Judith, Jon",No mineral soil found
BB10,BELE,,W,100,14,14,0,17.8,15.2,NA,,425,16:40,7/21/21,"Ben, Judith, Jon",No mineral soil found
BB10',BELE,Ridge,N,100,28,16,12,12,saturated,NA,,358,17:19,7/21/21,"Ben, Judith, Jon",HIT WATER TABLE
BB10',BELE,,E,100,28,8,20,14.3,42.9,NA,,440,17:28,7/21/21,"Ben, Judith, Jon",
BB10',BELE,,S,100,15,10,5,14.3,37.2,NA,,422,17:31,7/21/21,"Ben, Judith, Jon",
BB10',BELE,,W,100,31,9,22,15.1,45.8,NA,,362,17:33,7/21/21,"Ben, Judith, Jon",
WPX5,PIST,Lab,S,220,13.5,1.5,12,18.1,30.6,23.2,27.1,262,16:30,7/27/21,"JDG, LW",
WPX5,PIST,,W,220,20.5,0.5,20,17.7,37.4,32.9,37.7,277,16:35,7/27/21,"JDG, LW",
WPX5,PIST,,N,220,16.5,3,13.5,18.1,19,20.9,30.6,275,16:37,7/27/21,"JDG, LW",
WPX5,PIST,,E,220,18,0.5,17.5,18,17.9,18.9,25.3,344,16:39,7/27/21,"JDG, LW",
WPX7,PIST,Lab,S,200,12,0.5,11.5,18,32.4,28.1,29.9,301,17:57,7/27/21,"JDG, LW",
WPX7,PIST,,W,200,18.5,1.5,17,18.1,15.5,18.9,21.5,322,18:03,7/27/21,"JDG, LW",
WPX7,PIST,,N,200,7,0.5,6.5,18.4,27.1,24.4,25,316,18:15,7/27/21,"JDG, LW",
WPX7,PIST,,E,200,20,0.5,19.5,18.3,22.9,25,21.5,336,18:20,7/27/21,"JDG, LW",
SM11,ACSA,Lab,N,100,24.5,0.5,24,17.5,23.8,27.2,24.2,222,10:00,7/27/21,"Les, Wyatt, Jon",
SM11,ACSA,,E,100,22,0.5,21.5,17.2,28.2,24.3,22,250,10:00,7/27/21,"Les, Wyatt, Jon",
SM11,ACSA,,S,100,22.5,1.5,21,17.3,27.1,21.5,28.9,266,10:00,7/27/21,"Les, Wyatt, Jon",
SM11,ACSA,,W,100,21.5,0.5,21,17.4,17.8,21.5,28.3,243,10:00,7/27/21,"Les, Wyatt, Jon",
SM12,ACSA,Lab,N,100,0,NA,,NA,,NA,,NA,10:35,7/27/21,"Les, Wyatt, Jon",rock
SM12,ACSA,,W,100,16.5,0.5,16,17.3,35.7,32.3,32.1,257,10:37,7/27/21,"Les, Wyatt, Jon",
SM12,ACSA,,S,100,35,0.5,34.5,16.9,34.3,26.1,35.3,327,10:39,7/27/21,"Les, Wyatt, Jon",
SM12,ACSA,,E,100,23.5,1,22.5,16.6,40.7,39.3,42.7,312,10:41,7/27/21,"Les, Wyatt, Jon",
SM13,ACSA,Lab,N,100,19.5,1,18.5,16.9,42.7,34.6,38,150,11:39,7/27/21,"Les, Wyatt, Jon",
SM13,ACSA,,E,100,25,0.5,24.5,16.8,39.8,41.9,41,268,11:37,7/27/21,"Les, Wyatt, Jon",
SM13,ACSA,,S,100,22.5,0.5,22,16.8,41.5,42.2,43.2,320,11:36,7/27/21,"Les, Wyatt, Jon",
SM13,ACSA,,W,100,0,NA,,NA,,NA,,NA,11:35,7/27/21,"Les, Wyatt, Jon",rock
SM14,ACSA,Lab,E,100,18.5,0.5,18,17.2,32.8,26.7,28.3,268,11:57,7/27/21,"Les, Wyatt, Jon",
SM14,ACSA,,S,100,17.5,0.5,17,17.9,27.2,27.5,30.2,297,11:59,7/27/21,"Les, Wyatt, Jon",
SM14,ACSA,,W,100,17.5,0.5,17,17.6,25.2,26.2,24.3,281,12:02,7/27/21,"Les, Wyatt, Jon",
SM14,ACSA,,N,100,23,1,22,17.5,23.8,30.2,25.7,334,12:04,7/27/21,"Les, Wyatt, Jon",
BBX7,BELE,Lab,N,100,24,0.5,23.5,17.9,35,32,32.5,253,13:56,7/27/21,"Les, Wyatt, Jon",
BBX7,BELE,,E,100,24.5,0.5,24,17.8,28.6,35.9,29.9,256,13:57,7/27/21,"Les, Wyatt, Jon",
BBX7,BELE,,S,100,25.5,0.5,25,18,38.3,33.6,32.9,260,13:58,7/27/21,"Les, Wyatt, Jon",
BBX7,BELE,,W,100,18.5,0.5,18,17.8,29.7,28.7,33.4,254,13:59,7/27/21,"Les, Wyatt, Jon",
BBX6,BELE,Lab,W,100,23.5,0.5,23,18.4,34.1,35.4,31.1,222,14:26,7/27/21,"Les, Wyatt, Jon",
BBX6,BELE,,N,100,17,0.5,16.5,18.1,33.7,38.1,36.9,209,14:45,7/27/21,"Les, Wyatt, Jon",
BBX6,BELE,,E,100,21.5,0.5,21,18.5,34.9,35.9,32.5,208,14:47,7/27/21,"Les, Wyatt, Jon",
BBX6,BELE,,S,100,21,0.5,20.5,18.1,36.1,27.5,32.3,209,14:50,7/27/21,"Les, Wyatt, Jon",
BBX1,BELE,Lab,N,100,18,0.5,17.5,19,30.1,28.9,30.2,213,15:33,7/27/21,"Les, Wyatt, Jon",
BBX1,BELE,,E,100,20,0.5,19.5,18.5,27.7,30.8,31.8,156,15:35,7/27/21,"Les, Wyatt, Jon",
BBX1,BELE,,S,100,22.5,0.5,22,18.3,34.2,33.1,32.1,201,15:36,7/27/21,"Les, Wyatt, Jon",
BBX1,BELE,,W,100,24,0.5,23.5,18.2,31.1,31.2,32.1,206,15:32,7/27/21,"Les, Wyatt, Jon",
BBGT1,BELE,Lab,N,100,20.5,0.5,20,18.1,29.6,36.7,35.9,265,16:17,7/27/21,"Les, Wyatt, Jon",
BBGT1,BELE,,E,100,20,0.5,19.5,17.9,24.1,33.2,33.6,282,16:18,7/27/21,"Les, Wyatt, Jon",
BBGT1,BELE,,S,100,16,0.5,15.5,17.9,38.3,37.6,34.5,298,16:20,7/27/21,"Les, Wyatt, Jon",
BBGT1,BELE,,W,100,23.5,0.5,23,17.6,32.8,32.7,36.5,213,16:15,7/27/21,"Les, Wyatt, Jon",
RM304,ACRU,,N,100,1,1,0,17.8,6.7,7.3,7.8,327,16:50,,,"very rocky, probed at steep angle"
RM304,ACRU,,E,100,5,5,0,17.9,9.2,8.9,9.1,233,16:42,,,
RM304,ACRU,,S,100,9,3,6,17.8,3.9,4.7,4.9,190,16:45,,,
RM304,ACRU,,W,100,14,4,10,17.4,9.7,6.9,5.2,114,16:50,,,
H301,TSCA,,N,,4,1,3,17.3,7.4,8.4,8.4,194,17:08,,,
H301,TSCA,,S,,19,2.5,16.5,17.7,7.6,6,7.9,321,,,,
H301,TSCA,,E,,13,5,8,17.6,5.6,5.5,5.9,266,17:15,,,
H301,TSCA,,W,,3,3,0,17.7,5.9,4.7,8.2,364,,,,
HX3,TSCA,Lab,N,128,8,1.5,6.5,16.5,32.5,33.8,30.8,333,10:17,8/2/21,"Jon, Laura, Taylor",
HX3,TSCA,,S,128,5,0,5,16.7,35.2,31.1,32.1,263,10:27,8/2/21,"Jon, Laura, Taylor",
HX3,TSCA,,E,128,24.5,2.5,22,16.4,29.3,25,31.1,286,10:22,8/2/21,"Jon, Laura, Taylor",
HX3,TSCA,,W,128,5.5,0.5,5,16.6,32.2,25.3,32.9,298,10:15,8/2/21,"Jon, Laura, Taylor",
HX2,TSCA,Lab,N,155,18,0,18,16.7,27.1,30.8,29.5,221,10:42,8/2/21,"Jon, Laura, Taylor",
HX2,TSCA,,E,155,6.5,0.5,6,16.6,20.7,31.6,33,222,10:38,8/2/21,"Jon, Laura, Taylor",
HX2,TSCA,,S,155,14.5,0.5,14,16.6,30.1,29.9,22.1,273,10:35,8/2/21,"Jon, Laura, Taylor",
HX2,TSCA,,W,155,14.5,0.5,14,16.7,25.4,25.8,27.2,314,10:45,8/2/21,"Jon, Laura, Taylor",
HX4,TSCA,Lab,N,105,10,0,10,16.9,34.8,34.6,33.7,373,11:15,8/2/21,"Jon, Laura, Taylor",1 sample for both
HX4,TSCA,,S,105,10,0.5,9.5,17.1,22.8,21.6,23.2,381,11:15,8/2/21,"Jon, Laura, Taylor",
HX4,TSCA,,E,105,15,6.5,8.5,16.9,16.5,16.7,20.8,318,11:15,8/2/21,"Jon, Laura, Taylor",
HX4,TSCA,,W,105,14.5,0,14.5,16.9,28.4,19.2,23.9,270,11:15,8/2/21,"Jon, Laura, Taylor",
HX5,TSCA,Lab,N,105,10,0,10,16.9,34.8,34.6,33.7,373,11:15,8/2/21,"Jon, Laura, Taylor",1 sample for both
HX5,TSCA,,S,105,10,0.5,9.5,17.1,22.8,21.6,23.2,381,11:15,8/2/21,"Jon, Laura, Taylor",
HX5,TSCA,,E,105,15,6.5,8.5,16.9,16.5,16.7,20.8,318,11:15,8/2/21,"Jon, Laura, Taylor",
HX5,TSCA,,W,105,14.5,0,14.5,16.9,28.4,19.2,23.9,270,11:15,8/2/21,"Jon, Laura, Taylor",
RM301,ACRU,Ridge,N,100,27.5,5.5,22,16.9,7.3,10.9,6.9,290,13:35,8/2/21,"Jon, Laura, Taylor",
RM301,ACRU,,E,100,23.5,3.5,20,16.9,6.8,10.7,9.5,280,13:38,8/2/21,"Jon, Laura, Taylor",
RM301,ACRU,,W,100,9.5,2.5,7,17.3,9.9,8.7,6.4,278,13:29,8/2/21,"Jon, Laura, Taylor",
RM301,ACRU,,S,100,20,4,16,17.1,10.6,9.1,9.8,275,13:32,8/2/21,"Jon, Laura, Taylor",
RM302,ACRU,,N,100,12,4.5,7.5,17.5,12.8,13.9,13.2,243,14:10,8/2/21,"Jon, Laura, Taylor",
RM302,ACRU,,S,100,15.5,6,9.5,17.7,15.9,16.4,13.3,227,14:10,8/2/21,"Jon, Laura, Taylor",
RM302,ACRU,,E,100,12,6.5,5.5,17.4,16.3,11.3,14.1,289,14:10,8/2/21,"Jon, Laura, Taylor",
RM302,ACRU,,W,100,18.5,6.5,12,17.7,7.4,4.3,7.2,148,14:10,8/2/21,"Jon, Laura, Taylor",
MLGP,KALA,,N,100,23,11.5,11.5,16.9,5.1,5.9,6.3,224,15:03,8/2/21,"Jon, Laura, Taylor",
MLGP,KALA,,S,100,11,6,5,17,12,8.9,10,228,15:10,8/2/21,"Jon, Laura, Taylor",
RM303,ACRU,,N,,19,19,,17.8,11.9,10.1,12,178,15:40,8/2/21,"Jon, Laura, Taylor",N between two rocks
RM303,ACRU,,S,,20.5,6.5,14,18.1,8.4,6.9,7.6,80,16:03,8/2/21,"Jon, Laura, Taylor",
RM303,ACRU,,E,,3,1,2,18.1,9.6,9,12.4,80,15:15,8/2/21,"Jon, Laura, Taylor",
RM303,ACRU,,W,,17,4.5,12.5,17.9,17.9,19.3,18,260,15:50,8/2/21,"Jon, Laura, Taylor",
WP401,PIST,,N,140,22,3.5,18.5,17.3,9.9,10.6,8.3,282,,8/3/21,"Laura, Alex, Jon",
WP401,PIST,,S,140,22.5,2.5,20,17.5,8.8,8.7,7.8,238,,8/2/21,"Laura, Alex, Jon",
WP401,PIST,,E,140,20,2,18,17.5,13,12.8,11.6,227,9:17,8/3/21,"Laura, Alex, Jon",
WP401,PIST,,W,140,24,7,17,17.8,6.6,7.2,11.7,318,,8/2/21,"Laura, Alex, Jon",
AB11,FAGR,,N,100,24.5,4.5,20,16.9,11.1,10,10.8,306,,8/3/21,"Laura, Alex, Jon",
AB11,FAGR,,S,100,13,3,10,17.1,11.8,10.1,11.1,284,9:56,8/2/21,"Laura, Alex, Jon",
AB11,FAGR,,E,100,21.5,4,17.5,17,11.5,13.2,13.2,256,,8/3/21,"Laura, Alex, Jon",
AB11,FAGR,,W,100,21.5,4,17.5,17.3,16.3,10,10.6,195,,8/2/21,"Laura, Alex, Jon",
WP402,PIST,,N,141,22.5,2.5,20,16.4,11.5,11.7,11.5,200,10:45,8/3/21,"Laura, Alex, Jon",
WP402,PIST,,E,141,24,3,21,16.4,11.4,10.3,12,143,,8/2/21,"Laura, Alex, Jon",
WP402,PIST,,S,141,20,4,16,16,11.2,12.3,11.7,102,,8/3/21,"Laura, Alex, Jon",
WP402,PIST,,W,141,22.5,3.5,19,16.5,7.5,7.5,8.7,224,,8/2/21,"Laura, Alex, Jon",
WP403,PIST,,N,170,20,7,13,16.5,15.2,19.4,18.3,254,11:15,8/3/21,"Laura, Alex, Jon",
WP403,PIST,,E,170,13.4,3,10.4,17.2,19.9,17.5,10.2,264,,8/2/21,"Laura, Alex, Jon",
WP403,PIST,,S,170,14.5,7,7.5,17.4,10.6,12.8,10.2,239,,8/3/21,"Laura, Alex, Jon",
WP403,PIST,,W,170,12,2,10,16.5,15.1,13.2,13.6,248,,8/2/21,"Laura, Alex, Jon",
AB10,FAGR,,N,100,0,NA,,NA,,NA,,NA,12:02,8/3/21,"Laura, Alex, Jon",rock
AB10,FAGR,,E,100,18.5,4,14.5,16.7,1.3,4.1,5.7,76,,8/2/21,"Laura, Alex, Jon",
AB10,FAGR,,S,100,16.8,3.3,13.5,16.9,6.9,6.9,10,179,,8/3/21,"Laura, Alex, Jon",
AB10,FAGR,,W,100,17,2.5,14.5,16.5,5.4,8.6,5.3,68,,8/2/21,"Laura, Alex, Jon",
AB9,FAGR,,N,,22,4,18,16.6,5.8,5.2,5.8,276,12:30,8/3/21,"Laura, Alex, Jon",
AB9,FAGR,,E,,20.5,3.5,17,17.1,10.2,13,12.9,159,,8/2/21,"Laura, Alex, Jon",
AB9,FAGR,,S,,21.5,2,19.5,16.4,8.9,7.4,7.9,74,,8/3/21,"Laura, Alex, Jon",
AB9,FAGR,,W,,0,NA,,NA,,NA,,NA,,8/2/21,"Laura, Alex, Jon",rock
RM1,ACRU,,N,120,13.5,1.5,12,14.6,26.9,34.1,10.1,259,14:03,8/3/21,"Laura, Alex, Jon",
RM1,ACRU,,E,120,18,2,16,13.9,42.4,42.6,42.5,270,,8/2/21,"Laura, Alex, Jon",
RM1,ACRU,,S,120,29,8,21,14.1,7.5,9.8,16.8,234,,8/3/21,"Laura, Alex, Jon",
RM1,ACRU,,W,120,24,9,15,14.4,11.2,5.6,11.7,239,,8/2/21,"Laura, Alex, Jon",
RM2,ACRU,,N,121,9.5,5.5,4,15.9,13.8,20.7,28.5,235,14:40,8/3/21,"Laura, Alex, Jon",
RM2,ACRU,,E,121,17,7,10,13.7,39.3,48.7,25.3,227,,8/2/21,"Laura, Alex, Jon",
RM2,ACRU,,S,121,19,7,12,15.9,14.7,24.7,16.5,274,,8/3/21,"Laura, Alex, Jon",
RM2,ACRU,,W,121,17.5,5.5,12,15.1,14.7,15.9,16.4,205,,8/2/21,"Laura, Alex, Jon",
YB15,BEAL,,N,100,12.5,3.5,9,13.7,23.7,38.1,27.1,255,,8/3/21,"Jon, Alex, Laura",
YB15,BEAL,,E,100,16.5,NA,16.5,15.2,26.8,31.5,25.7,327,,8/3/21,"Jon, Alex, Laura",
YB15,BEAL,,S,100,9,1.5,7.5,15.9,17.4,10.6,7.5,397,15:39,8/3/21,"Jon, Alex, Laura",
YB15,BEAL,,W,,19.5,3,16.5,15.8,,NA,,224,,8/3/21,"Jon, Alex, Laura",W closer to tree b/c of road
YB14,BEAL,,N,100,30,20,10,15.2,,NA,,114,16:07,8/3/21,"Jon, Alex, Laura",hit water table
YB14,BEAL,,E,100,37,7,30,15.7,49.5,NA,,274,,8/3/21,"Jon, Alex, Laura","grass, hit water"
YB14,BEAL,,S,100,32,6,26,15.3,,NA,,244,,8/3/21,"Jon, Alex, Laura",hit water table
YB14,BEAL,,W,100,25,7,18,15.3,51.7,NA,,132,,8/3/21,"Jon, Alex, Laura",water
YB11,BEAL,,N,,19,10,9,15.5,saturated,NA,,185,16:42,8/3/21,"Jon, Alex, Laura","fully saturated, mineral = muck"
YB11,BEAL,,E,,10,10,,16.7,5.5,10.4,5.7,352,,8/3/21,"Jon, Alex, Laura","mineral, rocky mix of water"
YB11,BEAL,,S,,24.5,4,20.5,16,25.5,21.8,10.1,343,,8/3/21,"Jon, Alex, Laura",
YB11,BEAL,,W,,22,11,11,14.6,saturated,NA,,85,,8/3/21,"Jon, Alex, Laura",saturated
YB11',BEAL,,N,,34,16,18,16.3,39.9,17.5,19.6,201,17:24,8/3/21,"Jon, Alex, Laura","labels only say 13, but are for 11, 12, 13"
YB11',BEAL,,E,,26,11,15,15.5,saturated,NA,,76,,8/3/21,"Jon, Alex, Laura","labels only say 13, but are for 11, 12, 14; saturated"
YB11',BEAL,,S,,35,6,29,15.7,17.6,50.4,,274,,8/3/21,"Jon, Alex, Laura","labels only say 13, but are for 11, 12, 15"
YB11',BEAL,,W,,28,11,17,15.9,saturated,NA,,22,,8/3/21,"Jon, Alex, Laura","labels only say 13, but are for 11, 12, 16; saturated"
YB12,BEAL,,N,,34,16,18,16.3,39.9,17.5,19.6,201,17:24,8/3/21,"Jon, Alex, Laura","labels only say 13, but are for 11, 12, 13"
YB12,BEAL,,E,,26,11,15,15.5,saturated,NA,,76,,8/3/21,"Jon, Alex, Laura","labels only say 13, but are for 11, 12, 14; saturated"
YB12,BEAL,,S,,35,6,29,15.7,17.6,50.4,,274,,8/3/21,"Jon, Alex, Laura","labels only say 13, but are for 11, 12, 15"
YB12,BEAL,,W,,28,11,17,15.9,saturated,NA,,22,,8/3/21,"Jon, Alex, Laura","labels only say 13, but are for 11, 12, 16; saturated"
YB13,BEAL,,N,,34,16,18,16.3,39.9,17.5,19.6,201,17:24,8/3/21,"Jon, Alex, Laura","labels only say 13, but are for 11, 12, 13"
YB13,BEAL,,E,,26,11,15,15.5,saturated,NA,,76,,8/3/21,"Jon, Alex, Laura","labels only say 13, but are for 11, 12, 14; saturated"
YB13,BEAL,,S,,35,6,29,15.7,17.6,50.4,,274,,8/3/21,"Jon, Alex, Laura","labels only say 13, but are for 11, 12, 15"
YB13,BEAL,,W,,28,11,17,15.9,saturated,NA,,22,,8/3/21,"Jon, Alex, Laura","labels only say 13, but are for 11, 12, 16; saturated"
PB501,BEPA,Lowland,N,105,23.5,5.5,18,17.6,9.1,12.5,7.6,306,17:45,8/4/21,"JG, BG, LL",
PB501,BEPA,,E,105,26,11.5,14.5,17.4,7.6,6.6,6.9,314,17:40,8/4/21,"JG, BG, LL",
PB501,BEPA,,S,105,22,6.5,15.5,17.6,9.3,8.6,7.7,141,17:35,8/4/21,"JG, BG, LL",
PB501,BEPA,,W,105,22.5,3,19.5,17.5,14.5,7.5,11.8,350,17:30,8/4/21,"JG, BG, LL",
WO1,QUAL,Lowland,N,125,24,10,14,15.6,27.1,25.7,17.8,314,9:05,8/4/21,"JG, BG, LL",
WO1,QUAL,,E,125,13,5,8,15.5,25.1,27.5,25.4,357,9:00,8/4/21,"JG, BG, LL",
WO1,QUAL,,S,125,24.5,7,17.5,15,10.2,6.4,9.1,320,9:10,8/4/21,"JG, BG, LL",
WO1,QUAL,,W,125,30.5,8.5,22,15,22.9,5.9,12.6,338,9:07,8/4/21,"JG, BG, LL",
BC1,PRSE,Lowland,N,100,26.5,10.5,16,15.4,9.2,14.2,12.3,300,10:07,8/4/21,"JG, BG, LL",
BC1,PRSE,,E,100,24.5,9,15.5,15.7,14.1,10.6,14,318,10:00,8/4/21,"JG, BG, LL",
BC1,PRSE,,S,100,24.5,8,16.5,15.5,15.4,13.6,14.4,320,10:02,8/4/21,"JG, BG, LL",
BC1,PRSE,,W,100,35,10,25,15.8,9.6,7.9,5.7,386,10:05,8/4/21,"JG, BG, LL",
RM4,ACRU,Lowland,N,126,29,14,15,14.7,10.9,18.1,30.1,317,11:00,8/4/21,"JG, BG, LL",
RM4,ACRU,,E,126,30.5,13.5,17,15.3,6.6,7.8,8.3,318,11:03,8/4/21,"JG, BG, LL",
RM4,ACRU,,S,126,30,12.5,17.5,15.4,8.1,13.9,14.3,322,11:06,8/4/21,"JG, BG, LL",
RM4,ACRU,,W,126,39,17,22,14.7,21.3,20.3,11.2,348,11:15,8/4/21,"JG, BG, LL",
RM5,ACRU,Lowland,N,110,30.5,8,22.5,14.2,saturated,NA,,NA,11:53,8/4/21,"JG, BG, LL","no mineral sample, muck sample taken"
RM5,ACRU,,E,110,37,14.5,22.5,14.6,29.8,NA,,324,11:43,8/4/21,"JG, BG, LL",
RM5,ACRU,,S,110,22.5,14.5,8,16.8,5.1,7,5.5,303,12:19,8/4/21,"JG, BG, LL",
RM5,ACRU,,W,110,36,15,21,15.1,9.2,8.1,13.7,316,12:15,8/4/21,"JG, BG, LL",
RM501,ACRU,Lowland,N,100,23.5,10.5,13,16.9,8.7,9.7,14.9,318,14:30,8/4/21,"JG, BG, LL",
RM501,ACRU,,E,100,22.5,6.5,16,16.8,19.2,25.2,21.7,311,14:20:00,8/4/21,"JG, BG, LL",
RM501,ACRU,,S,100,24,7,17,17,17,14.6,13.4,342,14:25,8/4/21,"JG, BG, LL",
RM501,ACRU,,W,100,29,6,23,16.9,11.4,8.3,12.2,336,14:35,8/4/21,"JG, BG, LL",
AB501,FAGR,Lowland,E,100,22,6,16,17.6,9.4,10.2,3.9,289,,8/4/21,"JG, BG, LL",
AB501,FAGR,,S,100,24,3.5,20.5,17.4,14.2,21.4,14.2,293,15:00,8/4/21,"JG, BG, LL",
AB501,FAGR,,W,100,27.5,3.5,24,17.1,9.6,13.5,10.6,381,15:00,8/4/21,"JG, BG, LL",
AB501,FAGR,,N,100,29,10,19,17.2,5.3,4.9,5.9,300,,8/4/21,"JG, BG, LL",
RM502,ACRU,Lowland,N,100,28.5,3.5,25,17.4,20.1,13.6,21.8,282,15:55,8/4/21,"JG, BG, LL",
RM502,ACRU,,E,100,27,5,22,17.5,22.2,16.6,20.4,335,15:50,8/4/21,"JG, BG, LL",
RM502,ACRU,,S,100,28,5,23,17.5,13.8,12.9,15.1,572,16:05,8/4/21,"JG, BG, LL",
RM502,ACRU,,W,100,27,6,21,17.5,9.4,11.5,9.7,339,16:00,8/4/21,"JG, BG, LL",
RM503,ACRU,Lowland,N,133,21.5,4,17.5,17.8,6.1,5.6,1.8,130,,8/4/21,"JG, BG, LL",
RM503,ACRU,,E,133,28,3,25,17.8,8.5,11.6,9.1,297,,8/4/21,"JG, BG, LL",
RM503,ACRU,,S,133,21,2.5,18.5,17.7,9.5,8.8,10.3,232,,8/4/21,"JG, BG, LL",
RM503,ACRU,,W,133,29,3,26,17.5,9.5,10.2,9.7,354,16:38,8/4/21,"JG, BG, LL",
YB10,BEAL,,N,100,30.5,17.5,13,16.3,7.1,4.4,19.9,215,9:30,8/5/21,"Jon, Laura, Wyatt",
YB10,BEAL,,E,100,32.5,16.5,16,15.8,26.4,49.2,13.4,300,,8/5/21,"Jon, Laura, Wyatt",
YB10,BEAL,,S,100,0,NA,,15.3,saturated,NA,,41,,8/5/21,"Jon, Laura, Wyatt","stream, top and bottom much sample taken"
YB10,BEAL,,W,100,0,NA,,15.3,saturated,NA,,0,,8/5/21,"Jon, Laura, Wyatt","stream, top and bottom much sample taken"
YB9,BEAL,,N,100,31.5,20.5,11,16.5,17.9,20.9,19.7,277,10:07,8/5/21,"Jon, Laura, Wyatt","no mineral, muck"
YB9,BEAL,,E,100,11,11,,15.5,saturated,NA,,245,,8/5/21,"Jon, Laura, Wyatt","saturated, no mineral/muck sample"
YB9,BEAL,,S,100,13.5,7,6.5,15.5,saturated,NA,,51,,8/5/21,"Jon, Laura, Wyatt","saturated, no mineral (muck)"
YB9,BEAL,,W,100,9.5,9.5,,15.5,saturated,NA,,155,,8/5/21,"Jon, Laura, Wyatt",just water and rock underneath organic
YB2,BEAL,,N,100,6,6,>45,17,18,17.3,20.4,228,11:14,8/5/21,"Jon, Laura, Wyatt","no mineral/organic, top and bottom much taken"
YB2,BEAL,,E,100,9,9,>45,14.9,saturated,NA,,82,,8/5/21,"Jon, Laura, Wyatt","no mineral/organic, top and bottom much taken"
YB2,BEAL,,S,100,10.5,10.5,>45,15.3,saturated,NA,,148,,8/5/21,"Jon, Laura, Wyatt","no mineral/organic, top and bottom much taken"
YB2,BEAL,,W,100,15,15,>45,15.4,saturated,NA,,105,,8/5/21,"Jon, Laura, Wyatt","no mineral/organic, top and bottom much taken"
RM10,ACRU,,N,100,23,23,>45,16.5,52,30.8,30.3,246,12:00,8/5/21,"Jon, Laura, Wyatt",
RM10,ACRU,,W,100,10,10,>45,15.5,saturated,NA,,70,,8/5/21,"Jon, Laura, Wyatt",fully saturated
RM10,ACRU,,S,100,14,14,>45,15.3,31.2,36.1,76,181,,8/5/21,"Jon, Laura, Wyatt",
RM10,ACRU,,E,100,14,14,>45,14.9,saturated,NA,,16,,8/5/21,"Jon, Laura, Wyatt",saturated
BB1,BELE,,N,100,27,7.5,19.5,17.3,10.5,6,1.4,278,16:00,8/5/21,"Jon, Laura, Wyatt",
BB1,BELE,,E,100,35,11,24,17.6,4.4,4.9,3.7,301,,8/5/21,"Jon, Laura, Wyatt",
BB1,BELE,,S,100,33.5,19,14.5,18.1,11.8,7.1,7.5,305,,8/5/21,"Jon, Laura, Wyatt",
BB1,BELE,,W,100,30.5,7.5,23,17.2,10.6,10.2,11.4,297,,8/5/21,"Jon, Laura, Wyatt",
AB1,FAGR,,N,100,23,9,14,17.1,5.9,11.9,11.9,305,16:40,8/5/21,"Jon, Laura, Wyatt",
AB1,FAGR,,E,100,19.5,7.5,12,16.9,6,15.7,13.1,273,,8/5/21,"Jon, Laura, Wyatt",
AB1,FAGR,,S,100,15.5,5.5,10,17,11.6,11.4,9.5,355,,8/5/21,"Jon, Laura, Wyatt",
AB1,FAGR,,W,100,27.5,9.5,18,17.1,11.2,7.8,9.3,257,,8/5/21,"Jon, Laura, Wyatt",
AB2/3,FAGR,,N,100,20,8,12,17,13.6,12.8,12.9,235,,8/5/21,"Jon, Laura, Wyatt",one sample for AB 2/3
AB2/3,FAGR,,E,100,25.5,7.5,18,17,5.9,5.9,11.8,262,,8/5/21,"Jon, Laura, Wyatt",one sample for AB 2/4
AB2/3,FAGR,,S,100,25.5,11.5,14,17.4,10.4,9.8,10.4,308,,8/5/21,"Jon, Laura, Wyatt",one sample for AB 2/5
AB2/3,FAGR,,W,100,34,9,25,17.6,10.5,7.1,10.1,228,,8/5/21,"Jon, Laura, Wyatt",one sample for AB 2/6
BO1,QUVE,,N,110,25,6,19,17.5,9.6,5.7,7.4,278,,8/5/21,"Jon, Laura, Wyatt",
BO1,QUVE,,E,110,32,10,22,17.9,11.9,9.9,13.3,317,,8/5/21,"Jon, Laura, Wyatt",
BO1,QUVE,,S,110,28,11,17,17.8,7.5,14.1,12.1,271,,8/5/21,"Jon, Laura, Wyatt",
BO1,QUVE,,W,110,30,17,13,17.5,11.3,5.9,6.5,271,,8/5/21,"Jon, Laura, Wyatt",
AB4,FAGR,,N,100,27,10,17,17.2,10.2,12.5,12.2,135,,8/5/21,"Jon, Laura, Wyatt",
AB4,FAGR,,E,100,35.5,17.5,18,17.9,13,14,11.6,297,,8/5/21,"Jon, Laura, Wyatt",
AB4,FAGR,,S,100,29,7.5,21.5,18.1,14.1,7.9,12.8,316,,8/5/21,"Jon, Laura, Wyatt",
AB4,FAGR,,W,100,24.5,5,19.5,17.4,10.5,14.6,10.4,364,,8/5/21,"Jon, Laura, Wyatt",
AB4/6,FAGR,,N,100,22.5,3.5,19,17.7,13.6,13.2,15.5,324,9;00,8/6/21,"Jon, Laura, Wyatt",
AB4/6,FAGR,,E,100,28,5,23,17.6,16.9,17.6,11.9,292,,8/6/21,"Jon, Laura, Wyatt",
AB4/6,FAGR,,S,100,25,9,16,17.2,17.3,14.7,13.9,439,,8/6/21,"Jon, Laura, Wyatt",
AB4/6,FAGR,,W,100,23,7,16,17.8,12.6,11.3,11.3,417,,8/6/21,"Jon, Laura, Wyatt",
AB3/5,FAGR,,N,140,22.5,8.5,14,17.7,14.4,17.5,11.2,381,9:53,8/6/21,"Jon, Laura, Wyatt",
AB3/5,FAGR,,E,140,26.5,6.5,20,17.5,7.9,8.9,13.9,203,9:42,8/6/21,"Jon, Laura, Wyatt",
AB3/5,FAGR,,S,140,19,5,14,17.8,13.3,11.4,11.6,348,9:38,8/6/21,"Jon, Laura, Wyatt",
AB3/5,FAGR,,W,140,22,0.5,21.5,18,11.8,8.9,12.5,320,,8/6/21,"Jon, Laura, Wyatt",
AB6',FAGR,,W,135,22.5,3,19.5,18,14.6,14.3,15.3,329,10:17,8/6/21,"Jon, Laura, Wyatt",
AB6',FAGR,,N,135,28.5,9,19.5,17.7,13,14.2,15.2,363,10:14,8/6/21,"Jon, Laura, Wyatt",
AB6',FAGR,,E,135,25,6.5,18.5,17.7,14.8,11.5,13.1,370,10:12,8/6/21,"Jon, Laura, Wyatt",
AB6',FAGR,,S,135,27.5,7.5,20,17.7,7.8,9.9,12.2,346,10:07,8/6/21,"Jon, Laura, Wyatt",
ABT14P,FAGR,,N,100,23.5,4,19.5,17.8,9.9,10.7,8.8,214,11:24,8/6/21,"Jon, Laura, Wyatt",
ABT14P,FAGR,,E,100,20,5,15,17.6,6.7,9.9,11.4,409,11:42,8/6/21,"Jon, Laura, Wyatt",
ABT14P,FAGR,,S,100,20,5,15,17.7,10.7,9.5,10.8,308,11:31,8/6/21,"Jon, Laura, Wyatt",
ABT14P,FAGR,,W,100,26,4,22,17.7,12.5,8.7,13.4,358,,8/6/21,"Jon, Laura, Wyatt",
YBYB,BEAL,,W,100,34.5,13.5,21,18.4,12.8,7.2,7.3,356,12:38,8/6/21,"Jon, Laura, Wyatt",
YBYB,BEAL,,E,100,30.5,11.5,19,17.8,9.9,8.8,8.1,359,,8/6/21,"Jon, Laura, Wyatt",
YBYB,BEAL,,S,100,29.5,10,19.5,17.8,8.9,6.2,11.4,333,12:32,8/6/21,"Jon, Laura, Wyatt",
YBYB,BEAL,,N,100,25,8,17,18.2,9.2,5.5,7.4,335,12:35,8/6/21,"Jon, Laura, Wyatt",
YBCUL8R,BEAL,,N,100,17.5,2.5,15,18.7,31.7,36.3,30.6,398,13:31,8/6/21,"Jon, Laura, Wyatt",
YBCUL8R,BEAL,,E,100,30,4,26,19,36,33.5,45.3,330,13:29,8/6/21,"Jon, Laura, Wyatt",
YBCUL8R,BEAL,,S,100,31.5,3.5,28,19,13.9,45.5,30.2,26.5,,8/6/21,"Jon, Laura, Wyatt",
YBCUL8R,BEAL,,W,100,25.5,3.5,22,18.6,NA,NA,,393,,8/6/21,"Jon, Laura, Wyatt",too rocky for VWC
WA101,FRAM,Lab,N,,14,2,12,18.1,22.9,23.6,23.1,250,,8/10/21,JDG,
WA101,FRAM,,E,,19,1,18,13.9,14.5,20.2,24.3,200,,8/10/21,JDG,
WA101,FRAM,,S,,15,1,14,17.9,26,25.9,22.3,135,,8/10/21,JDG,
WA101,FRAM,,W,,18,1,17,18,26.2,14.6,22.3,230,11:32,8/10/21,JDG,
WA102,FRAM,Lab,N,,14,2,12,18.1,22.9,23.6,23.1,250,,8/10/21,JDG,
WA102,FRAM,,E,,19,1,18,13.9,14.5,20.2,24.3,200,,8/10/21,JDG,
WA102,FRAM,,S,,15,1,14,17.9,26,25.9,22.3,135,,8/10/21,JDG,
WA102,FRAM,,W,,18,1,17,18,26.2,14.6,22.3,230,11:32,8/10/21,JDG,
WA103,FRAM,Lab,N,,14,2,12,18.1,22.9,23.6,23.1,250,,8/10/21,JDG,
WA103,FRAM,,E,,19,1,18,13.9,14.5,20.2,24.3,200,,8/10/21,JDG,
WA103,FRAM,,S,,15,1,14,17.9,26,25.9,22.3,135,,8/10/21,JDG,
WA103,FRAM,,W,,18,1,17,18,26.2,14.6,22.3,230,11:32,8/10/21,JDG,
WA104,FRAM,Lab,N,,0,NA,,NA,NA,NA,,NA,,8/10/21,JDG,"No sample, rocks"
WA104,FRAM,,E,,11,1,10,18.4,23.5,11.4,11.2,NA,,8/10/21,JDG,
WA104,FRAM,,S,,18,1,17,18,20.9,22.9,27.8,230,14:20,8/10/21,JDG,
WA104,FRAM,,W,,18,1,17,18.3,20,14.1,16.4,132,,8/10/21,JDG,
WA105,FRAM,Lab,N,,0,NA,,NA,NA,NA,,NA,,8/10/21,JDG,"No sample, rocks"
WA105,FRAM,,E,,11,1,10,18.4,23.5,11.4,11.2,NA,,8/10/21,JDG,
WA105,FRAM,,S,,18,1,17,18,20.9,22.9,27.8,230,14:20,8/10/21,JDG,
WA105,FRAM,,W,,18,1,17,18.3,20,14.1,16.4,132,,8/10/21,JDG,
WA15,FRAM,Lab,N,,21,1,20,18,28.8,23.2,23.6,220,,8/10/21,JDG,
WA15,FRAM,,E,,15,2,13,17.8,28,24.9,25.5,260,,8/10/21,JDG,
WA15,FRAM,,S,,17,1,16,17.9,28.9,33.3,26.9,160,,8/10/21,JDG,
WA15,FRAM,,W,,20,1,19,18.2,21.4,18.6,27.2,172,,8/10/21,JDG,
WA5,FRAM,Lab,W,,23,1,22,18.1,30.6,33.3,27.1,205,,8/10/21,JDG,
WA5,FRAM,,E,,11,2,9,18,30.2,33.9,25.3,174,,8/10/21,JDG,
WA5,FRAM,,S,,13,1,12,18,26.8,28.9,29.3,180,,8/10/21,JDG,
WA5,FRAM,,N,,21.5,0.5,21,17.9,32.6,31.6,31.2,250,,8/10/21,JDG,
WA10,FRAM,Lab,N,,0,NA,,18.2,21.6,17.7,21,140,,8/10/21,JDG,
WA10,FRAM,,E,,0,NA,,NA,NA,NA,,NA,,8/10/21,JDG,"rocks, no depth recorded, possibly no sample taken."
WA10,FRAM,,S,,0,NA,,17.9,26.9,26.5,25.1,280,,8/10/21,JDG,"rocks, no depth recorded, possibly no sample taken."
WA10,FRAM,,W,,0,NA,,18.4,27.4,25.6,23.1,270,,8/10/21,JDG,"rocks, no depth recorded, possibly no sample taken."
WPBERNICE,PIST,Lab,N,,18,5,13,18.8,16.4,11.7,13.4,215,12:21,,,
WPBERNICE,PIST,,E,,25,4,21,18.8,20.9,18.4,19,225,,,,
WPBERNICE,PIST,,S,,19,3,16,18.6,14.5,16.6,10.9,187,,,,
WPBERNICE,PIST,,W,,20,2,18,18.9,11.8,14.7,14.5,279,,,,
WPBERNICE,SAAL,Lab,N,,20,1,19,20.1,22.9,26.7,28.2,397,,,,
WPBERNICE,SAAL,,E,,13,0,13,20.7,24.5,23.8,25.9,348,,,,
WPBERNICE,SAAL,,S,,17.5,0.5,17,20.3,27.9,27.8,26.1,379,,,,
WPBERNICE,SAAL,,W,,22,1,21,20,24.1,20.3,28.5,340,,,,
WA12,FRAM,Lab,N,182,23.5,0.5,23,18.2,15.4,16.9,18.3,245,,8/9/21,JDG,
WA12,FRAM,,E,182,19,1,18,18,14.2,19.6,16.8,181,,8/9/21,JDG,
WA12,FRAM,,S,182,20.5,0.5,20,18.2,23.2,20.3,18.7,246,13:56,8/9/21,JDG,
WA12,FRAM,,W,182,23,1,22,18.2,20.9,24.4,25.6,244,,8/9/21,JDG,
WA14/1/XV,FRAM,Lab,N,,18.5,0.5,18,18.1,29.7,17.8,16.6,195,,8/9/21,JDG,
WA14/1/XV,FRAM,,E,,19,1,18,18.2,27.1,20.5,31.6,239,,8/9/21,JDG,
WA14/1/XV,FRAM,,S,,0,NA,,18.2,29.9,15.7,19.3,243,15:47,8/9/21,JDG,
WA14/1/XV,FRAM,,W,,15,1,14,18.3,25.2,22,23.7,203,,8/9/21,JDG,
WPX2,PIST,Lab,N,,11.5,0.5,11,17.7,28.5,36.6,27.7,252,,8/9/21,JDG,
WPX2,PIST,,E,,15.5,0.5,15,17.6,31.9,29.3,27.1,262,,8/9/21,JDG,
WPX2,PIST,,S,,21.5,0.5,21,17.8,31.3,31.6,32.7,330,,8/9/21,JDG,
WPX2,PIST,,W,,23.5,0.5,23,17.6,37.4,34.2,35.6,261,,8/9/21,JDG,
WPX22,PIST,Lab,N,,11.5,0.5,11,17.7,28.5,36.6,27.7,252,,8/9/21,JDG,
WPX22,PIST,,E,,15.5,0.5,15,17.6,31.9,29.3,27.1,262,,8/9/21,JDG,
WPX22,PIST,,S,,21.5,0.5,21,17.8,31.3,31.6,32.7,330,,8/9/21,JDG,
WPX22,PIST,,W,,23.5,0.5,23,17.6,37.4,34.2,35.6,261,,8/9/21,JDG,
RO3,QURU,Lowland,E,,20,10,10,18.4,12,8.1,13,295,,8/11/21,JDG,
RO3,QURU,,N,,15,9,6,18.6,5.3,10.6,6.9,309,,8/11/21,JDG,
RO3,QURU,,W,,25,7,18,18.2,6.6,4.1,6.3,316,,8/11/21,JDG,
RO3,QURU,,S,,25,7,18,18.5,6.3,3.7,7.4,249,,8/11/21,JDG,
RO2,QURU,Lowland,W,,17,4,13,18,4.5,4.5,4.3,134,,8/11/21,JDG,
RO2,QURU,,N,,32,16,16,17.9,2.6,5.4,"3,9",273,,8/11/21,JDG,
RO2,QURU,,E,,35,16,19,17.8,6.1,3.6,6.7,227,,8/11/21,JDG,
RO2,QURU,,S,,16,2,14,18.6,1.3,6.4,2.6,260,,8/11/21,JDG,
Hz1,TSCA,Lab,S,,22.5,0.5,22,19.6,15.2,14.3,19.4,322,,8/11/21,JDG,
Hz1,TSCA,,E,,18.5,0.5,18,19.5,21,19.6,22.4,260,,8/11/21,JDG,
Hz1,TSCA,,N,,24,1,23,19.4,22.7,19.3,19.6,277,,8/11/21,JDG,
Hz1,TSCA,,W,,23.5,0.5,23,19.3,14.8,22.8,14.9,314,,8/11/21,JDG,
SH1,CAOV,Lab,S,,15.5,0.5,15,18.7,27.9,28.1,25.5,260,,8/11/21,JDG,
SH1,CAOV,,E,,15,1,14,19.3,17.3,12.3,13.2,311,,8/11/21,JDG,
SH1,CAOV,,N,,22,1,21,19.2,16.9,15.3,14.8,316,,8/11/21,JDG,
SH1,CAOV,,W,,12.5,0.5,12,18.7,16.9,28.5,28.5,332,,8/11/21,JDG,