Date,Researcher Initials,Analyzer,Tree Tag,Species Code,Species,DBH (cm),Air Temp (°F),Soil Temp (°C),Stem Temp (°C),VWC 1 (%),VWC 2 (%),VWC 3 (%),Chamber ID,Flux Start (System) Time,Flux Start (Real) Time,Flux End (System) Time,Bark Missing,Visible fungus,Wounding/Holes,Moss/Lichen Cover,Water Table Above Ground,Species Specific Infections/Pests,Bole Damage (1-3),Notes
6/12/23,"NW, LG, PK, JG",LGR3,853,PIST,white pine,50.8,73,13,21.8,10.1,,,D8,11:54:45,,12:04:45,,,,,,,,
6/12/23,"NW, LG, PK, JG",LGR3,970,ACRU,red maple,29.1,73.9,13.1,21.7,7.2,,,D8,12:15:00,,12:25:00,,,,,,,,
6/12/23,"NW, LG, PK, JG",LGR3,8833,QURU,red oak,55.6,74.8,12.8,20.5,13.6,,,D8,12:38:00,,12:48:00,,,,,,,,
6/12/23,"NW, LG, PK, JG",LGR3,7397,QURU,red oak,39.1,79,12.8,22.1,11.6,,,D8,12:53:00,,13:03:00,,,,,,,,
6/12/23,"NW, LG, PK, JG",LGR3,"untagged, forked",BELE,black birch,39.5,77.6,12.5,21.8,9.2,,,D8,13:14:00,,13:24:00,,,,,,,,
6/12/23,"NW, LG, PK, JG",LGR3,8835,TSCA,hemlock,50.2,75.2,13,21.8,6.6,,,D8,13:37:00,,13:47:00,,,,,,,,
6/12/23,"NW, LG, PK, JG",LGR3,4783,QURU,red oak,56.9,75.7,13.2,20.3,9.8,,,D8,14:01:00,,14:11:00,,,,,,,,
6/12/23,"NW, LG, PK, JG",LGR3,1641,ACRU,red maple,41.9,76,13.1,20.7,30.9,,,D8,15:15:00,,15:18:00,,,,,,,,
6/12/23,"NW, LG, PK, JG",LGR3,1830,ACRU,red maple (on edge of swamp and dry land),36.5,76,14,21.7,51.3,,,D8,15:24:45,,15:31:00,,,,,,,,
6/12/23,"NW, LG, PK, JG",LGR3,1640,TSCA,hemlock,40.1,75.9,12.8,21.7,5.4,,,D8,15:45:45,,15:50:45,,,,,,,,
6/12/23,"NW, LG, PK, JG",LGR3,4190,BEAL,yellow birch,27.8,74.1,12.4,22,35.3,,,D8,16:00:00,,16:10:30,,,,,,,,
6/12/23,"NW, LG, PK, JG",LGR3,4797,BEAL,yellow birch,33,75,12.6,21.5,11.7,,,D8,16:16:00,,16:26:00,,,,,,,,
6/12/23,"NW, LG, PK, JG",LGR3,untagged,BEAL,yellow birch (dead),31.7,NA,12.2,23.5,NA,,,D8,NA,,NA,,,,,,,,"dead, too damaged to measure methane"
6/12/23,"NW, LG, PK, JG",LGR3,untagged,FRAM,white ash,30,NA,13,22.9,NA,,,D8,16:44:00,,16:51:28,,,,,,,,
6/12/23,"NW, LG, PK, JG",LGR3,untagged,TSCA,hemlock,26,78.4,14.1,22.6,14.9,,,C4,16:58:13,,17:03:17,,,,,,,,
6/14/23,"LG, PK",LGR3,1051,TSCA,hemlock,14.2,68.8,13.7,18.8,16,,,C3,11:37:30,11:15:00,11:46:35,,,,,,,,
6/14/23,LG NW PK,LGR3,1106,TSCA,hemlock,32.4,73.3,14.3,21.4,6.5,4.4,12.7,D8,12:04:36,11:42:00,12:14:30,,,,,,,,
6/14/23,LG NW PK,LGR3,1028,TSCA,hemlock ,39.7,76.7,13.7,22.1,13.8,10,16.8,D8,12:20:53,,12:30:19,,,,,,,,
6/15/23,LG NW,LGR3,1637,ACRU,red maple,38.4,63.1,13.3,15.8,47.6,3.6,12.1,D8,10:55:30,10:33:30,11:05:30,,,,,,,,
6/15/23,LG NW,LGR3,4103,FRAM,white ash,33.2,66.2,14.7,16.2,26,36.2,15.1,D8,11:42:00,11:20:00,11:52:00,,,,,,,,
6/15/23,LG NW,LGR3,4181,BEAL,yellow birch,26.7,62.9,15.4,16,40.9,36.8,36.7,D8,11:58:15,,12:08:15,,,,,,,,
6/15/23,LG NW,LGR3,4295,ACRU,red maple,35.3,65,13.7,17.3,9.5,9.9,21,D8,12:25:15,,21:31:15,,,,,,,,
6/15/23,LG NW,LGR3,1885,ACRU,red maple,36.3,66.3,12.5,16.7,4.2,29.1,45.9,D8,13:00:30,,13:10:30,,,,,,,,
6/15/23,LG NW,LGR3,5086,ACRU,red maple,42.5,66.7,12.9,16.9,28.1,21.6,24.1,D8,13:25:45,,13:35:45,,,,,,,,
6/15/23,LG NW,LGR3,5078,BEAL,yellow birch,37.3,70,12.5,17.7,20.5,24.5,24.3,D8,14:57:00,14:35:00,15:07:00,,,,,,,,
6/15/23,LG NW,LGR3,5092,BELE,black birch,36,69.2,13.4,17.8,26.6,15.8,19.7,D8,15:28:45,,15:38:45,,,,,,,,
6/15/23,LG NW,LGR3,5091,TSCA,hemlock (dead),30,70.4,13.7,19,28.9,31.6,25.9,D8,15:51:30,,16:01:30,,,,,,,,dead
6/15/23,LG NW,LGR3,5099,BELE,black birch (dead),35.5,72.2,14,20,25.3,15.5,14.4,D8,16:07:00,,16:17:00,,,,,,,,dead
6/16/23,NW PK,LGR3,4246,PIST,white pine,60.9,70.3,13.1,19.6,9.6,8.4,11.9,D8,9:47:45,,9:57:45,,,,,,,,
6/16/23,NW PK,LGR3,6393,QURU,red oak,39.2,72.5,13.1,17.8,13.6,11.1,9.8,D8,10:04:00,,10:14:00,,,,,,,,
6/16/23,NW PK,LGR3,3589,QURU,red oak,47.8,70.8,13.2,18.5,13.6,10,12.8,D8,10:22:30,,10:32:30,,,,,,,,
6/16/23,NW PK,LGR3,1133,ACRU,red maple,31,71.1,13,19.3,18.2,16.1,15.2,D8,10:46:45,10:24:45,10:56:45,,,,,,,,
6/16/23,NW PK,LGR3,3564,QURU,red oak,53.3,70.2,13.9,19.5,16.8,16.1,14.7,D8,11:08:15,,11:18:15,,,,,,,,
6/16/23,NW PK,LGR3,1134,QURU,red oak,43.71,70.1,13.7,19.4,19.3,26.8,19.6,D8,11:29:45,,11:39:45,,,,,,,,
6/16/23,NW PK,LGR3,3533,QURU,red oak,41,74,13.2,19.4,6.6,8,10.9,D8,11:51:00,,12:01:00,,,,,,,,
6/16/23,NW PK,LGR3,3359,BELE,black birch,30.3,74.5,13.6,19.5,8.2,6.6,5.7,D8,12:12:00,,12:22:00,,,,,,,,
6/16/23,NW PK,LGR3,3325,PIST,white pine,46.7,72.7,13.1,21.2,13.4,8.6,10.4,D8,13:24:15 PM,,13:34:15,,,,,,,,
6/16/23,NW PK,LGR3,3354,PIST,white pine,61.5,74.2,13.9,20.8,16.9,11.5,12.6,D8,13:44:00,,13:54:00,,,,,,,,
6/16/23,NW PK,LGR3,4774,BELE,black birch,37.3,76.9,13.9,21,11.2,8.1,7.2,D8,14:15:45,,14:28:15,,,,,,,,
6/16/23,NW PK,LGR3,6371,ACRU,red maple,44.4,76.6,13.6,21.4,13.7,11.8,8.3,D8,15:05:30,,15:15:30,,,,,,,,
6/21/23,NW PK JG,LGR3,3114,QURU,red oak,40.7,61.4,13.2,15.7,23.3,14.4,20.3,D8,10:03:45,9:42:00,10:06:45,1,1,1,1,,,,
6/21/23,NW PK JG,LGR3,3096,QURU,red oak,45.7,66.4,13.5,14.4,14.7,20.2,16.8,D8,10:10:00,,10:13:00,1,1,1,1,,,,
6/21/23,NW PK JG,LGR3,3106,QURU,red oak,34.5,61.1,13,15.9,19.1,16.9,15.6,D8,10:20:00,,19:00:00,3,3,1,2,,,,
6/21/23,NW PK JG,LGR3,3104,QURU,red oak,48.1,64.1,13.2,15.7,20.9,20.1,17.7,D8,10:28:30,,10:31:30,2,2,1,2,,,,
6/21/23,NW PK JG,LGR3,3129,QURU,red oak,42.4,65.1,13.9,15.7,19.4,23.7,24.8,D8,10:40:00,,10:43:00,1,1,1,3,,,,
6/21/23,NW PK JG,LGR3,3099,QURU,red ok,48.9,64.4,13.2,14.8,12.3,6.7,11.2,D8,10:50:30,,10:53:30,1,1,2,3,,,,
6/21/23,NW PK JG,LGR3,3292,BEPA,paper birch,35,64.6,13.6,14.7,18,5.6,8.6,D8,11:00:00,,11:03:00,1,1,2,2,,,,
6/21/23,NW PK JG,LGR3,3340,ACRU,red maple,25.7,62.9,13.1,15.7,13.6,15.5,26.1,D8,11:12:00,,11:15:00,1,1,3,1,,,,
6/21/23,NW PK JG,LGR3,3342,BELE,black birch,21.9,66.7,13.2,15.8,26.6,18.4,31.1,D8,11:19:30,,11:23:30,2,1,1,2,,,,
6/21/23,NW PK JG,LGR3,3339,PIST,white pine,62.8,65.3,13.2,16.2,14.9,20.5,18.5,D8,11:29:00,,11:34:00,1,1,1,1,,,,
6/21/23,NW PK JG,LGR3,3101,PIST,white pine,47.4,67.7,12.9,16,30,12.2,20.9,D8,11:37:00,,11:41:00,1,1,1,1,,,,
6/21/23,NW PK JG,LGR3,3122,TSCA,hemlock,49,66.7,13.6,16.4,21.6,9.8,19.4,D8,10:50:00,,10:53:00,1,1,1,2,,,,
6/21/23,NW PK JG,LGR3,3107,BELE,black birch,18.4,64.2,13.2,16.4,15.2,14.5,14.1,B1,11:58:00,,12:01:00,Dead,,,,,,,
6/21/23,NW PK JG,LGR3,3102,TSCA,hemlock,23.3,63.7,13.1,16.3,8.5,8.6,3.1,B1,12:04:00,,12:06:30,2,1,1,2,,,,
6/21/23,NW PK JG,LGR3,untagged,QURU,red oak,32.4,64.6,14,17.1,12.9,11.2,10.1,D8,12:14:30,,12:17:30,Dead,,,,,,,
6/21/23,NW PK JG,LGR3,3103,TSCA,hemlock,27.9,64.1,13.7,16.1,15.8,11.4,18.4,D8,12:21:00,,12:26:00,1,1,1,3,,,,
6/21/23,NW PK JG,LGR3,3126,TSCA,hemlock,27.5,68.6,13.1,17,22.7,22.9,8.3,D8,13:08:30,,13:11:30,1,1,2,2,,,,
6/21/23,NW PK JG,LGR3,3110,TSCA,hemlock,44.4,66.6,13,17.2,18.6,13.3,6.9,D8,13:22:15,,13:25:15,1,1,2,1,,,,
6/21/23,NW PK JG,LGR3,3123,ACRU,red maple,20.9,66,13.1,16.4,17.7,29.4,17.9,B1,13:31:30,,13:37:00,2,1,2,3,,,,
6/21/23,NW PK JG,LGR3,3127,TSCA,hemlock,16.7,66.9,13.1,16.9,20.1,17.5,24.4,B1,13:45:00,,13:49:00,1,1,1,1,,,,
6/21/23,NW PK JG,LGR3,3121,TSCA,hemlock,13.9,66.8,12.8,16.8,6.8,16.9,22.6,B1,13:52:15,,13:55:15,1,1,1,1,,,,
6/21/23,NW PK JG,LGR3,3118,TSCA,hemlock,19.5,66.8,12.8,17.5,6.8,16.9,22.6,B1,14:00:45,,14:05:00,1,1,1,1,,,,
6/21/23,NW PK JG,LGR3,3109,TSCA,hemlock,37.9,67.3,12.7,18,17.8,29.6,29.6,D8,14:10:15,,14:13:15,1,1,1,1,,,,
6/21/23,NW PK JG,LGR3,3116,QURU,red oak,44.2,66.2,13,17.1,23.5,31.2,25.9,D8,14:21:00,,14:23:00,1,1,1,3,,,,
6/21/23,NW PK JG,LGR3,3132,TSCA,hemlock,46.6,61.7,13.3,18.4,10.6,13.4,9.1,D8,14:28:45,,14:31:45,1,1,1,1,,,,
6/21/23,LG NW,LGR3,4778,BEAL,yellow birch,24.7,63.7,12.9,15.6,18.5,18.2,30.6,D8,10:36:30,10:15:00,10:40:30,1,1,2,3,,,,
6/21/23,LG NW,LGR3,4789,BEAL,yellow birch,39.9,65.6,13.1,16.2,16.8,7.3,6.8,D8,10:53:30,10;31,10:56:30,1,1,2,3,,,,
6/21/23,LG NW,LGR3,4773,BEAL,yellow birch,32,63.2,13.2,16.5,44.8,30.6,32.7,D8,11:02:30,,11:05:30,1,1,1,3,,,,
6/21/23,LG NW,LGR3,4791,TSCA,hemlock ,45.4,65.4,13.4,17,9.3,12.9,31.2,D8,11:14:30,,11:18:00,1,1,1,1,,,,
6/21/23,LG NW,LGR3,4146,TSCA,hemlock,20.5,68.8,12.7,17.2,35.9,36.6,49.9,C4,11:31:45,,11:35:00,1,1,1,2,,,,
6/21/23,LG NW,LGR3,4170,BEAL,yellow birch,25.6,65.2,13.2,16.3,37.1,44.5,46.8,D8,11:42:15,,11:45:15,1,1,1,2,,,,
6/21/23,LG NW,LGR3,4195,ACRU,red maple,49.5,68.4,13.8,18,14.8,10.2,6.2,D8,12:04:00,,12:08:00,2,1,1,3,,,,
6/21/23,LG NW,LGR3,4780,TSCA,hemlock ,22,65.9,12.4,17.2,52,51.8,42.8,C4,12:17:45,,12:20:45,1,1,1,1,,,,
6/21/23,LG NW,LGR3,4257,TSCA,hemlock ,42.1,65.3,13,17.4,7.1,11.6,33.9,D8,12:33:00,,12:36:00,1,1,1,1,,,,
6/21/23,LG NW,LGR3,4255,PIST,white pine,53.4,66.7,13.6,17.3,18.2,6.1,15.7,D8,12:40:00,,12:44:00,1,1,1,1,,,,
6/22/23,LG NW,LGR3,1925,ACRU,red maple,35.9,71.4,13.2,18.3,42,45,52,D8,14:23:00,,14:28:00,2,1,1,2,,,,
6/22/23,LG NW,LGR3,1962,TSCA,hemlock ,36.5,72.8,13.6,18.9,10.9,33.4,22,D8,14:36:00,,14:39:30,1,1,1,1,,,,
6/22/23,LG NW,LGR3,1928,QURU,red oak,31.8,72.1,12.6,18.3,19.7,31.5,22.3,D8,14:45:00,,14:49:00,2,1,1,2,,,,
6/22/23,LG NW,LGR3,1866,ACRU,red maple,19.8,74.3,12.6,19.5,48.1,50.7,50,C4,14:58:00,,15:01:30,3,1,1,2,,,,
6/22/23,LG NW,LGR3,1707,BEAL,yellow birch,37.3,75.1,12.9,18.7,27.9,20.4,13.2,D8,15:17:30,,15:22:00,1,1,2,3,,,,
6/22/23,LG NW,LGR3,4782,TSCA,hemlock ,34.7,72,13.8,20.8,9.8,14.8,15.3,D8,15:31:00,,15:35:00,1,1,1,2,,,,
6/22/23,LG NW,LGR3,4784,TSCA,hemlock ,12.3,73.2,13.7,21.5,21.9,22.8,7.6,B3,15:44:30,,15:48:00,1,1,1,2,,,,
6/22/23,LG NW,LGR3,4776,TSCA,hemlock ,40.8,72.1,13.5,20.9,17.6,8.6,22,D8,16:03:45,,16:06:45,1,1,1,1,,,,
6/22/23,LG NW,LGR3,4772,TSCA,hemlock ,35.6,72.9,13.3,20.8,26.1,27,43.5,D8,16:22:45,,16:25:45,1,1,1,1,,,,
6/22/23,LG NW,LGR3,1831,BEAL,yellow birch,22.9,72.9,13.3,19.9,36.9,21.9,25.1,D8,16:38:30,,16:42:00,2,1,1,3,,,,
6/22/23,LG NW,LGR3,1835,TSCA,hemlock ,55,71.9,14.2,20.2,5.9,23.8,12.8,D8,16:55:00,,16:58:00,1,1,1,1,,,,
6/23/23,LG PK,LGR3,973,PIST,white pine ,44.4,65.8,14.3,17.9,6.2,10.1,5.9,6,9:05:00,8:43:00,9:08:00,1,1,1,1,,,,
6/23/23,LG PK,LGR3,974,PIST,white pine ,51.1,67.7,14.6,20.3,5.4,10.7,6.3,6,9:19:00,,9:22:00,1,1,1,1,,,,
6/23/23,LG PK,LGR3,967,TSCA,hemlock ,25,73.5,14.3,19.1,9.8,12.1,6.6,6,9:32:00,,9:36:00,1,1,1,1,,,,
6/23/23,LG PK,LGR3,968,PIST,white pine ,49,69.3,14.3,18.9,9.2,7.3,6.8,6,9:48:00,,9:51:00,1,1,2,1,,,,
6/23/23,LG PK,LGR3,969,PIST,white pine ,67.2,72.8,14.1,20.4,13.9,9.6,8.5,6,10:05:15,,10:08:15,1,1,2,1,,,,
6/23/23,LG PK,LGR3,840,PIST,white pine ,52.5,73,14.1,19.7,6.1,2.9,3.2,6,10:14:30,,10:18:30,1,1,2,1,,,,
6/23/23,LG PK,LGR3,773,BELE,black birch,28.6,72.3,14.1,20.2,6.8,5.8,3.1,6,10:24:30,,10:27:30,1,1,1,2,,,,
6/23/23,LG PK,LGR3,789,PIST,white pine ,68,75.7,14.4,19.5,5.1,3.9,3.4,6,10:42:30,,10:46:30,1,1,1,1,,,,
6/23/23,LG PK,LGR3,485,BELE,black birch,32.9,76.3,13.7,19.7,12.1,7.2,5.9,6,10:54:15,,10:57:30,1,1,2,1,,,,
6/23/23,LG PK,LGR3,484,TSCA,hemlock ,31.3,73.4,14,20,6.7,5.5,6.4,6,11:04:30,,11:07:45,1,1,1,1,,,,
6/23/23,LG PK,LGR3,513,PIST,white pine ,66,73.7,14.1,20.1,4.8,4.3,3.4,6,11:23:30,,11:26:30,1,1,1,1,,,,
6/23/23,LG PK,LGR3,486,PIST,white pine ,42.1,79.5,14.1,20.3,8.3,10.3,6.9,6,11:32:30,,11:36:00,1,1,1,1,,,,
6/23/23,LG PK,LGR3,855,BELE,black birch,27.7,75.3,14,20.4,7.3,13.3,11.1,6,11:40:00,,11:43:00,1,1,1,2,,,,
6/23/23,LG PK,LGR3,468,QURU,red oak,59.4,73.9,13.3,19.9,11.4,11.3,13.5,6,11:54:30,,11:57:30,1,1,1,3,,,,
6/23/23,LG PK,LGR3,618,QURU,red oak,40.6,74.3,13.6,20.6,15.8,13.9,19.5,6,12:02:30,,12:06:00,1,1,1,3,,,,
6/23/23,LG PK,LGR3,606,QURU,red oak,44.5,74.5,13.9,20.1,12.3,15.3,14.4,6,12:10:00,,12:13:00,1,1,1,3,,,,
6/23/23,LG PK,LGR3,594,TSCA,hemlock ,43.6,75,14,21.3,6.4,7.3,10.9,6,12:19:30,,12:22:30,1,1,1,1,,,,
6/23/23,LG PK,LGR3,609,TSCA,hemlock,36.2,74.3,15.2,22,6.9,5.7,9.1,6,13:58:15,,14:01:15,1,1,2,1,,,,
6/23/23,LG PK,LGR3,610,BELE,black birch,33.1,78.2,14.1,21.8,9.9,6.5,11,6,14:07:00,,14:09:00,1,1,1,2,,,,
6/22/23,LG PK,LGR3,726,TSCA,hemlock,30.2,76.5,14.8,22.6,7.9,7.6,8,6,14:17:45,,14:20:45,1,1,1,1,,,,
6/22/23,LG PK,LGR3,732,BEPA,white birch,28,78.9,14.7,22.4,12.7,14.1,12.7,6,14:27:00,,14:30:00,1,1,1,1,,,,
6/22/23,LG PK,LGR3,7466,BELE,black birch,24.7,75.8,15.8,22.3,12,6.3,8.7,6,14:32:30,,14:35:30,1,1,2,2,,,,
6/22/23,LG PK,LGR3,730,BELE,black birch,26.3,81.7,15.2,22.5,9.8,14.3,5.6,6,14:42:30,,14:45:30,1,1,2,2,,,,
6/22/23,LG PK,LGR3,731,BELE,black birch,38.2,81.7,15.9,22.8,7.9,7.1,7.5,6,14:51:30,,14:54:30,1,1,1,2,,,,
6/27/23,LG PK,LGR3,728,TSCA,hemlock,30.3,70.3,17.1,21.1,21.9,18.2,22,D8,10:23:00,10:00:00,10:26:00,1,1,1,3,,,,
6/27/23,LG PK,LGR3,729,BELE,black bitch,22.9,73.5,17,20.7,21.3,31.5,17.9,D8,10:38:45,,10:41:45,1,1,2,3,,,,
6/27/23,LG PK,LGR3,725,BELE,black bitch,24.2,72.6,18.1,20.6,20,23.3,24.5,D8,10:48:00,,10:51:00,1,1,1,2,,,,
6/27/23,LG PK,LGR3,713,BEPA,white birch,15,71.5,18,20.7,18.5,17.2,28.3,C4,10:58:30,,11:01:30,1,1,1,3,,,,
6/27/23,LG PK,LGR3,727,QURU,red oak,40.2,74.5,17.1,20.8,13.5,35.4,10.9,6,11:10:15,,11:13:15,1,1,1,2,,,,
6/27/23,LG PK,LGR3,663,BELE,black birch,28.4,72.5,16.8,20.8,23.9,23,20.1,6,11:26:30,,11:29:30,1,2,1,2,,,,
6/27/23,LG PK,LGR3,665,TSCA,hemlock,28.3,71.5,16.9,20.6,24.6,24.1,23.3,6,11:34:00,,11:37:00,1,1,1,2,,,,
6/27/23,LG PK,LGR3,664,TSCA,hemlock,20.3,72.6,17,20.4,18.9,20.4,16.6,C4,11:46:00,,11:49:00,1,1,1,2,,,,
6/27/23,LG PK,LGR3,648,BELE,black birch,30.2,72.4,17.2,20.8,35.4,19.4,21.8,6,12:00:00,,12:03:00,1,1,1,3,,,,
6/27/23,LG PK,LGR3,395,PIST,white pine,23.8,70.5,16.9,20.8,22.7,22.9,29.4,D8,12:17:00,,12:20:30,1,1,1,1,,,,
6/27/23,LG PK,LGR3,396,ACRU,red maple,23.2,72.2,17.2,20.6,16.8,25.6,17.7,C4,13:31:15,,13:34:15,2,1,2,3,,,,
6/27/23,LG PK,LGR3,398,BELE,black birch,35,73.2,17.6,20.8,21.5,27.2,26.5,6,13:50:15,,13:53:15,1,1,2,2,,,,
6/27/23,LG PK,LGR3,413,TSCA,hemlock,47.5,72.5,16.9,20.8,26.1,12.9,26.3,6,13:58:15,,14:03:00,1,1,1,2,,,,
6/27/23,LG PK,LGR3,412,PIST,white pine,17.2,72,17.3,20.7,29.6,21.1,20.8,C4,14:09:15,,14:12:15,1,1,2,1,,,,
6/27/23,LG PK,LGR3,356,TSCA,hemlock,24.4,72.5,17.1,21,18.6,25.2,21.8,D8,14:23:30,,14:26:30,2,1,1,2,,,,
6/27/23,LG PK,LGR3,357,TSCA,hemlock,23.3,74,17,20.9,17.3,22.8,16.5,C4,14:32:45,,14:35:45,1,1,1,2,,,,
6/27/23,LG PK,LGR3,358,BELE,black birch,31,73.3,17.2,21,25.6,17.2,16.3,6,14:49:15,,14:52:15,1,1,2,3,,,,
6/27/23,LG PK,LGR3,355,TSCA,hemlock,50,72.4,16.8,21.4,25.4,27.4,22.2,6,15:06:30,,15:09:30,1,1,2,2,,,,
6/27/23,LG PK,LGR3,352,BELE,black birch,64,72.5,17.5,22,30.8,19.4,28.1,6,15:13:15,,15:16:15,3,1,3,2,,,,
6/27/23,LG PK,LGR3,351,TSCA,hemlock,53.9,72.3,17.2,21.7,20.3,26,26.6,6,15:21:30,,15:24:30,1,1,1,3,,,,
6/27/23,LG PK,LGR3,350,TSCA,hemlock,33.8,74.4,17.7,21.3,23.1,12.2,24.6,6,15:30:15,,15:33:15,1,1,1,1,,,,
6/27/23,LG PK,LGR3,341,BELE,black birch,32.7,75.1,16.8,20.9,19.3,19.9,21.9,6,15:48:45,,15:51:45,1,1,1,2,,,,
6/27/23,LG PK,LGR3,299,TSCA,hemlock,31.4,74,17.4,21,25.4,22.7,14.7,6,15:58:15,,16:01:15,1,1,1,2,,,,
6/27/23,LG PK,LGR3,333,TSCA,hemlock,39,75,17.8,20.7,21.8,22.4,14.5,6,16:15:30,,16:18:30,1,1,1,2,,,,
6/27/23,LG PK,LGR3,331,BELE,black birch,27.6,73.3,16.6,20.9,18.1,22.9,20.2,6,16:25:30,,16:28:30,1,1,1,3,,,,
6/28/23,NW PK,LGR 3,1244,TSCA,hemlock,23.5,73.7,16.5,20,21.5,21.2,23.9,C4,10:37:45,10:15:00,10:41:00,dead,2,dead,dead,,,,
6/28/23,NW PK,LGR 4,1252,ACSA,sugar maple,16.4,72.9,15.9,19.9,11.7,24.8,18.3,C4,10:26:00,,10:32:00,2,1,3,3,,,,
6/28/23,NW PK,LGR 5,1265,TSCA,hemlock,47.3,76.3,16.1,20.1,20.7,23,18.4,6,10:49:30,,10:51:30,1,1,1,1,,,,
6/28/23,NW PK,LGR 6,1264,TSCA,hemlock,28.3,71.5,16.8,20.4,30.8,24.9,21.3,D8,11:01:45,,11:08:00,1,1,1,1,,,,
6/28/23,NW PK,LGR 7,1080,ACSA,sugar maple,32.8,71.6,16.4,19.5,30.8,19.6,24.4,D8,11:14:45,,11:20:00,1,1,2,3,,,,
6/28/23,NW PK,LGR 8,1411,TSCA,hemlock,33.6,71,16.6,19.9,11.2,29.7,33.8,D8,11:25:15,,11:30:00,1,1,1,1,,,,
6/28/23,NW PK,LGR 9,1409,PIST,white pine,37.6,73.6,16.6,20,19.1,18.3,17.4,D8,11:39:00,,11:42:00,1,1,1,1,,,,
6/28/23,NW PK,LGR 10,1413,TSCA,hemlock,28.1,73.6,15.7,20.2,23.7,11,18.3,D8,11:45:00,,11:48:00,2,1,1,1,,,,
6/28/23,NW PK,LGR 11,1414,TSCA,hemlock,50,73.6,16.3,20,11.3,26.1,15.4,D8,11:54:00,,11:59:00,1,1,1,1,,,,
6/28/23,NW PK,LGR 12,1412,PIST,white pine,66.8,73.6,16.6,19.9,19.5,21.4,23.6,D8,12:02:45,,12:07:15,1,1,1,1,,,,
6/28/23,NW PK,LGR 13,1408,TSCA,hemlock,33.5,72.4,15.7,20.5,21.4,29.9,29.7,D8,12:11:30,,12:16:30,1,1,1,1,,,,
6/28/23,NW PK,LGR 14,1407,TSCA,hemlock,26.2,72.6,16.3,16.3,26,20.9,26.9,D8,12:19:15,,12:23:45,1,1,1,1,,,,
6/28/23,NW PK,LGR 15,1102,ACRU,red maple,31.9,74.7,16.4,20.3,24.9,15.3,25.8,D8,12:32:00,,12:35:00,2,1,1,3,,,,
6/28/23,NW PK,LGR 16,1218,ACRU,red maple,32.8,74.7,17,20.6,15.4,12.7,18.1,D8,12:45:15,,12:48:15,2,1,1,3,,,,
6/28/23,NW PK,LGR 17,1216,TSCA,hemlock ,18,74.9,17.2,20.6,20.1,18.4,17.4,C4,12:55:30,,12:58:30,dead,dead,dead,dead,,,,
6/28/23,NW PK,LGR 18,1229,BELE,black birch,32,72.5,16.4,20.5,19.1,25.9,23,D8,13:41:15,,13:44:30,1,1,1,3,,,,
6/28/23,NW PK,LGR 19,1230,TSCA,hemlock,35.7,73.5,16.9,20.5,15.3,14.2,12.4,D8,13:49:00,,13:52:30,1,1,2,2,,,,
6/28/23,NW PK,LGR 20,1228,BELE,black birch,19.7,73.5,16.9,21,14.5,10.8,17.8,D8,13:58:00,,14:01:00,1,1,1,3,,,,
6/28/23,NW PK,LGR 21,1223,BELE,black birch,23.1,75.5,16.9,21.2,24.9,19.5,18.8,D8,14:06:30,,14:10:00,1,1,1,3,,,,
6/28/23,NW PK,LGR 22,1227,TSCA,hemlock,17.6,75.5,16.6,21.2,26.9,21.4,17.2,C4,14:18:45,,14:21:45,1,1,1,2,,,,
6/28/23,NW PK,LGR 23,1097,TSCA,hemlock,62.3,75.2,16.5,21.3,19.9,15.9,25.8,6,14:30:45,,14:33:45,2,1,1,2,,,,
6/29/23,NW LG,LGR3,3380,FRAM,white ash,14.3,71.3,15.2,18,48.5,44.4,26.3,C4,10:45:30,,10:52:00,3,1,2,2,,,,
6/29/23,NW LG,LGR3,3333,TSCA,hemlock,13.6,73.9,16.7,18.4,21.6,19.2,42.6,C4,10:58:00,10:35:00,11:01:00,1,1,1,2,,,,
6/29/23,NW LG,LGR3,3384,TSCA,hemlock,13.5,70.8,16.7,18.8,24.4,13.1,45.4,C4,11:17:00,,11:20:00,1,1,1,2,,,,
6/29/23,NW LG,LGR3,3397,TSCA,hemlock,44.8,71,15.4,18.8,18.6,23.2,27.2,D8,11:23:45,,11:28:00,2,1,2,1,,,,
6/29/23,NW LG,LGR3,3389,TSCA,hemlock,46.3,70.8,17.1,19.2,17.4,15.9,19.1,D8,11:36:00,,11:39:15,1,1,3,2,,,,
6/29/23,NW LG,LGR3,3395,TSCA,hemlock,26.5,70.8,16.6,19.4,16.4,20.6,29.5,D8,11:43:15,,11:46:15,1,1,1,2,,,,
6/29/23,NW LG,LGR3,3410,TSCA,hemlock,34,71.1,16.8,19.8,26.9,32.4,19.9,D8,11:51:00,,11:54:00,1,1,1,2,,,,
6/29/23,NW LG,LGR3,3381,TSCA,hemlock,50,69.9,16.9,19.5,21.3,24.9,17.6,D8,12:00:15,,12:03:15,2,1,3,3,,,,
6/29/23,NW LG,LGR3,3503,BEAL,yellow birch,28.8,71.5,15.5,18.9,38.4,41.7,47.2,D8,12:08:15,,12:12:30,1,1,1,2,1W,,,
6/29/23,NW LG,LGR3,3502,BEAL,yellow birch,19.1,71.5,15.5,18.9,38.4,41.7,47.2,D8,12:22:30,,12:25:45,1,1,1,2,1W,,,
6/29/23,NW LG,LGR3,3448,TSCA,hemlock,25.3,70,15,19,41.7,18.1,51.8,D8,12:36:15,,12:39:30,1,1,1,2,3W,,,
6/29/23,NW LG,LGR3,3447,TSCA,hemlock ,44.7,70,16.7,19.1,28.8,46.8,26.6,D8,12:45:30,,12:48:30,1,1,1,1,,,,
6/29/23,NW LG,LGR3,3515,TSCA,hemlock ,55.7,69.8,15.3,19.8,10.8,49.7,32.4,D8,13:50:00,,13:53:00,1,1,1,2,,,,
6/29/23,NW LG,LGR3,3509,TSCA,hemlock ,48.6,70.7,16.1,19.9,28.8,26.1,31.8,D8,14:00:45,,14:03:45,1,1,2,2,,,,
6/29/23,NW LG,LGR3,3507,TSCA,hemlock ,48.9,72.7,16.1,19.5,19.7,25.2,37.9,D8,14:16:00,,14:19:00,1,1,1,1,,,,
6/29/23,NW LG,LGR3,1010,PIST,white pine,80.6,73.4,15.4,20.1,17.3,21.6,18.5,D8,14:26:15,,14:29:15,1,1,2,1,,,,
6/29/23,NW LG,LGR3,3445,ACRU,red maple,26.9,71.9,16.8,20.1,15.8,31.4,24.8,D8,14:36:30,,14:39:30,2,1,1,2,,,,
6/29/23,NW LG,LGR3,3443,ACRU,red maple,22.9,71.9,16.8,19.6,15.8,31.4,24.8,D8,14:42:45,,14:45:45,2,1,1,2,,,,
6/29/23,NW LG,LGR3,3440,ACRU,red maple,23.9,74.5,16.2,19.7,24.8,24.5,28.6,D8,14:49:00,,14:52:00,2,2,1,2,,,,
6/29/23,NW LG,LGR3,3439,TSCA,hemlock ,25.7,72.1,17.3,20.1,22,25.7,23.2,D8,14:53:30,,14:56:30,1,1,1,2,,,,
6/29/23,NW LG,LGR3,1057,PIST,white pine,55.3,74.6,16.7,20,23.8,23.9,26.6,D8,15:05:40,,15:08:40,1,1,1,1,,,,
6/29/23,NW LG,LGR3,3444,CALA,shellbark hickory,50.4,74.4,16.8,19.6,20,27.9,33.6,D8,15:21:30,,15:24:30,2,1,1,1,,,,
6/29/23,NW LG,LGR3,3405,TSCA,hemlock ,24.7,73.4,15.7,19.2,21.9,41.1,31.7,D8,15:27:45,,15:30:45,1,1,1,1,,,,
6/29/23,NW LG,LGR3,3517,TSCA,hemlock ,26.5,75.4,16.5,19.8,32,41.8,42.9,D8,15:36:30,,15:39:30,1,1,1,1,,,,
6/29/23,NW LG,LGR3,3412,ACRU,red maple,36,75.3,15.8,19.7,32,41.8,42.9,D8,15:49:30,,15:52:30,3,1,1,2,1E,,,
6/29/23,NW LG,LGR3,3522,PIST,white pine,79,76.4,16.6,20.7,18.7,10.1,17.5,D8,16:02:20,,16:05:20,1,1,2,1,,,,
6/30/23,NW PK,LGR3,3568,TSCA,hemlock,50.5,72,16.3,20.3,16,20.2,17.9,6,10:45:45,10:23:00,10:48:45,1,1,2,1,,,,
6/30/23,NW PK,LGR3,1085,TSCA,hemlock,41.4,72.8,16.7,20.5,20.9,14.5,24.5,6,10:57:00,,11:00:45,1,1,1,1,,,,
6/30/23,NW PK,LGR3,3575,BELE,black birch,35.5,71.9,16.5,19.7,25.1,14.9,19.5,6,11:10:15,,11:13:15,2,1,3,2,,,,
6/30/23,NW PK,LGR3,3569,TSCA,hemlock,25.5,16.7,16.4,19.8,19.9,16,22,6,11:25:30,,11:29:00,1,1,2,1,,,,
6/30/23,NW PK,LGR3,3572,ACRU,red maple,36.4,71.7,16.6,20,17.7,24.5,11.5,6,11:42:00,,11:45:00,1,1,2,2,,,,
6/30/23,NW PK,LGR3,3530,TSCA,hemlock,37.5,74.1,16.3,20.4,16.4,17,13.9,6,11:55:45,,11:59:45,1,1,1,1,,,,
6/30/23,NW PK,LGR3,3529,ACRU,red maple,19.6,75.4,16.2,20.7,20.8,24.9,21.6,C4,12:09:45,,12:14:15,1,1,2,2,,,,
6/30/23,NW PK,LGR3,3531,ACRU,red maple,17.1,76.7,15.9,21.6,24.8,27.4,17.8,C4,12:26:30,,12:29:30,dead,dead,dead,dead,,,,
6/30/23,NW PK,LGR3,3546,TSCA,hemlock,17.5,75.6,16.4,21.2,21.4,19.6,28.9,C4,12:33:00,,12:36:00,1,1,1,1,,,,
6/30/23,NW PK,LGR3,3532,BELE,black birch,22.9,75.6,16.2,20.9,18.3,21.5,11.9,C4,12:39:30,,12:43:00,1,1,1,1,,,,
6/30/23,NW PK,LGR3,3538,TSCA,hemlock,16.4,73.3,16.1,20.7,21.4,23.7,24.2,C4,12:46:15,,12:49:15,1,1,1,2,,,,
6/30/23,NW PK,LGR3,3593,TSCA,hemlock,20.4,79.7,16.8,20.5,17.2,19.1,20.8,C4,12:54:45,,12:58:00,1,1,1,2,,,,
6/30/23,NW PK,LGR3,2594,BELE,black birch,35.4,75.7,16.3,20.3,19.2,18,15.4,6,13:06:15,,13:09:15,1,1,2,2,,,,
6/30/23,NW PK,LGR3,3539,TSCA,hemlock,33.8,75.7,16.1,21.1,22.2,16.9,19.8,6,13:11:30,,13:14:30,1,1,1,2,,,,
6/30/23,NW PK,LGR3,3596,BELE,black birch,26.7,74.8,16.4,21.2,17.9,24.3,16.9,C4,14:00:00,,14:04:00,1,1,2,2,,,,
6/30/23,NW PK,LGR3,3590,TSCA,hemlock,19.4,76.7,15.1,22.4,16.2,17.9,14.9,C4,14:11:45,,14:15:45,1,1,1,1,,,,
6/30/23,NW PK,LGR3,3584,TSCA,hemlock,20.6,76.1,16.1,22.7,15.9,16.1,14.2,C4,14:21:15,,14:24:15,1,1,1,1,,,,
6/30/23,NW PK,LGR3,3537,TSCA,hemlock,39.4,76.5,16.4,23.4,18.3,13,11.7,6,14:30:30,,14:34:30,1,1,1,1,,,,
6/30/23,NW PK,LGR3,1519,QURU,red oak,50.2,78.1,16.7,21.6,27,13.5,15.7,6,14:38:15,,14:41:15,2,1,1,2,,,,
6/30/23,NW PK,LGR3,1522,PIST,white pine,47.8,78.5,16.2,22.1,13,15.1,17.7,6,14:52:30,,14:55:30,2,1,1,1,,,,
6/30/23,NW PK,LGR3,1398,QURU,red oak,55.9,81.9,16.1,20.6,20.7,14.5,13.5,6,15:01:00,,15:04:45,3,1,1,3,,,,
6/30/23,NW PK,LGR3,1573,QURU,red oak,42.8,80.2,16.3,21.2,18.9,19.1,18.2,6,15:15:45,,15:18:45,2,1,1,3,,,,
6/30/23,NW PK,LGR3,1241,TSCA,hemlock,36.3,79.8,16.3,22.5,23.9,29.6,25.8,6,15:25:30,,15:28:30,1,1,1,1,,,,
6/30/23,NW PK,LGR3,1240,PIST,white pine,65.3,78,16.6,23.3,27.4,24.8,23.6,6,15:37:00,,15:40:00,1,1,1,2,,,,
6/30/23,NW PK,LGR3,1578,BELE,black birch,30.3,76.4,16.3,22.6,27,40.5,29.4,6,15:47:30,,15:50:30,1,1,2,2,,,,
6/30/23,NW PK,LGR3,1575,TSCA,hemlock,30.5,79.2,15.2,22.4,19.9,29.1,22.7,6,15:58:00,,16:01:00,1,1,1,1,,,,
6/30/23,NW PK,LGR3,1577,TSCA,hemlock,24.4,79.8,15.9,22.7,26.9,22.6,34.7,6,16:06:30,,16:11:30,1,1,1,1,,,,
6/30/23,NW PK,LGR3,1574,ACSA,sugar maple,29.1,79.8,15.4,21.3,19.3,29.1,34.5,6,16:13:00,,16:17:15,1,1,1,2,,,,
7/5/23,LG NW PK,LGR3,1513,TSCA,hemlock,31.2,79.8,17.9,23.6,18.3,21.9,33.7,D8,11:45:45,11:23:00,11:48:45,1,1,1,3,,,,
7/5/23,LG NW PK,LGR3,1509,PIST,white pine,24.9,79.8,17.8,22.9,27.5,14.1,44.1,D8,11:54:30,,11:57:30,1,1,1,1,,,,
7/5/23,LG NW PK,LGR3,1526,TSCA,hemlock,33.8,80.7,18.5,23.2,33.2,16.3,25.4,D8,12:02:15,,12:05:15,1,1,1,1,,,,
7/5/23,LG NW PK,LGR3,1523,PIST,white pine,63.4,80.8,19.3,23.3,26.2,20.9,33.9,D8,12:10:45,,12:13:45,1,1,1,1,,,,
7/5/23,LG NW PK,LGR3,1515,TSCA,hemlock,44.9,78.4,17.3,22.7,31.9,37.7,29.6,D8,12:16:45,,12:20:45,1,1,2,1,,,,
7/5/23,LG NW PK,LGR3,1284,ACRU,red maple,37.7,77.8,17.4,23.2,44.6,36.3,28.7,D8,12:26:45,,12:29:45,2,2,1,2,,,,
7/5/23,LG NW PK,LGR3,1283,ACRU,red maple,40.4,80.1,17.1,22.9,25.1,50.3,51.4,D8,12:40:00,,12:43:00,3,2,1,2,,,,
7/5/23,LG NW PK,LGR3,1285,TSCA,hemlock,36.1,78.8,16.6,23.4,39.2,24.9,22.3,D8,12:54:45,,12:57:45,1,2,2,2,1E 1S,,,
7/5/23,LG NW PK,LGR3,1286,TSCA,hemlock,34.5,78.8,17.3,23.5,11.6,45.7,26.2,D8,13:06:15,,13:09:15,2,2,1,1,,,,
7/5/23,LG NW PK,LGR3,1287,QUAL,white oak,37.4,78.5,17.9,22.9,49.1,45.9,50.4,D8,13:13:30,,13:16:30,1,1,1,2,,,,
7/5/23,LG NW PK,LGR3,1288,QURU,red oak,36.9,79.1,18.9,23.3,27.4,41.2,31.8,D8,13:22:45,,13:28:00,1,3,1,2,,,,
7/5/23,LG NW PK,LGR3,1527,TSCA,hemlock,47.3,81.3,18.1,23.9,19.2,21.9,27.4,D8,13:33:30,,13:36:30,2,1,3,2,,,,
7/5/23,LG NW PK,LGR3,1501,TSCA,hemlock,22,79.5,18.3,24,30.9,33.7,31.9,D8,14:28:15,,14:31:15,1,1,1,2,,,,
7/5/23,LG NW PK,LGR3,1222,QURU,red oak,45.8,80.1,19.9,24,29.1,25.3,27.2,D8,14:37:30,,14:40:30,1,1,1,3,,,,
7/5/23,LG NW PK,LGR3,1220,ACRU,red maple,22.7,80.4,18.6,23.5,29.6,33.8,33.3,D8,14:46:15,,14:49:15,2,1,2,3,,,,
7/5/23,LG NW PK,LGR3,1219,TSCA,hemlock,30.7,80.9,18.5,23.7,32.1,37.3,43.2,D8,14:54:00,,14:57:00,1,1,1,3,,,,
7/5/23,LG NW PK,LGR3,1226,TSCA,hemlock,27,81.2,18.2,23.9,21.4,31.9,34.2,D8,15:00:30,,15:03:30,1,1,1,2,,,,
7/5/23,LG NW PK,LGR3,1508,ACSA,sugar maple,43.6,81.3,17.3,23.4,40,39.9,42.2,D8,15:10:00,,15:15:00,2,1,2,1,,,,
7/5/23,LG NW PK,LGR3,1525,TSCA,hemlock,28.9,81.5,17.6,24,44.2,29.4,39.6,D8,15:24:15,,15:27:15,1,1,1,2,,,,
7/5/23,LG NW PK,LGR3,1289,PIST,white pine,60.8,82.3,17.4,23.7,51.9,29.4,35.9,D8,15:42:00,,15:45:00,1,1,1,2,,,,
7/7/23,NW PK,LGR3,3586,TSCA,hemlock,20.3,73.2,19.6,21.6,16.8,21.1,20.4,C4,9:41:45,9:18:00,9:44:45,1,1,1,1,,,,
7/7/23,NW PK,LGR3,3600,ACRU,sugar maple,14,73.4,19.4,22,15.4,14.8,14.2,C4,9:50:15,,9:53:15,2,1,1,2,,,,
7/7/23,NW PK,LGR3,1128,TSCA,hemlock,18,72,19.5,21.9,10.4,16.4,12.7,C4,9:56:30,,9:59:00,1,1,1,1,,,,
7/7/23,NW PK,LGR3,1129,TSCA,hemlock,14.6,74.2,18.8,22.7,16.1,18.4,11.3,C4,10:10:30,,10:13:30,1,1,1,1,,,,
7/7/23,NW PK,LGR3,3562,TSCA,hemlock,21.2,75.2,18.6,22.5,12.7,15.1,13.3,C4,10:21:30,,10:24:30,1,1,1,1,,,,
7/7/23,NW PK,LGR3,3544,TSCA,hemlock,29.5,76.3,18.6,22.7,10.3,15.1,12.2,6,10:29:30,,10:32:30,1,1,1,1,,,,
7/7/23,NW PK,LGR3,1132,TSCA,hemlock,35.2,75.7,18.7,22.6,12.1,23.9,21.5,6,10:39:30,,10:42:30,1,1,1,1,,,,
7/7/23,NW PK,LGR3,3554,PIST,white pine,33.9,73.9,18.9,22.4,23.5,16.2,22.6,6,10:52:30,,10:55:30,1,1,1,1,,,,
7/7/23,NW PK,LGR3,3587,QUVE,black oak,34.8,76.3,18.9,22.9,30.6,25.7,26.3,6,11:00:30,,11:05:30,2,1,1,3,,,,
7/7/23,NW PK,LGR3,1568,QUVE,black oak,49.1,75.2,18.4,22.3,20.5,33.9,25.4,6,11:12:15,,11:15:45,2,1,2,3,,,,
7/7/23,NW PK,LGR3,3599,TSCA,hemlock,30.2,75,18.8,23.3,11,17.4,17.4,6,11:18:45,,11:24:00,1,1,2,1,,,,
7/7/23,NW PK,LGR3,1130,TSCA,hemlock,23,78.6,18.4,22.9,31.2,14.9,18.5,6,11:32:30,,11:35:30,1,1,1,1,,,,
7/7/23,NW PK,LGR3,3536,TSCA,hemlock,28.5,76.3,19.8,24.4,20.4,22.7,18.9,6,11:46:15,,11:49:15,1,1,1,1,,,,
7/7/23,NW PK,LGR3,3535,QURU,red oak,53.6,80.1,19.6,22.8,17.8,18.6,20,6,11:54:15,,11:57:15,1,1,1,3,,,,
7/7/23,NW PK,LGR3,1127,TSCA,hemlock,26.1,79.9,19.6,24.2,19.5,16.3,12.1,6,12:05:15,,12:08:15,1,1,1,1,,,,
7/7/23,NW PK,LGR3,1110,TSCA,hemlock,39.9,80.6,20.1,26.1,15.4,20.6,18.1,6,12:57:45,,13:01:15,1,1,1,1,,,,
7/7/23,NW PK,LGR3,1120,TSCA,hemlock,25.8,80.8,19.7,26.7,14.2,14.7,21.8,6,13:13:15,,13:16:15,2,1,1,2,,,,
7/7/23,NW PK,LGR3,1119,PIST,white pine,20.7,81,19.7,25.9,19.3,19.6,14.3,6,13:28:45,,13:31:45,2,1,1,1,,,,
7/7/23,NW PK,LGR3,1116,ACRU,red maple,25.3,82.8,19.8,25.2,16.9,11.8,12.8,6,13:43:00,,13:48:00,2,1,1,2,,,,
7/7/23,NW PK,LGR3,1118,TSCA,hemlock,16.5,83.8,19.5,26.6,15.9,15.9,13.8,6,13:54:15,,13:57:15,1,1,1,1,,,,
7/7/23,NW PK,LGR3,1123,TSCA,hemlock,21.3,82,19.3,26.4,18.7,15.1,19.2,6,14:13:45,,14:16:45,1,1,1,1,,,,
7/7/23,NW PK,LGR3,1117,TSCA,hemlock,15.5,83.7,20.2,26.4,10.7,16.7,17.9,6,14:24:00,,14:27:00,1,1,1,2,,,,
7/7/23,NW PK,LGR3,1124,BELE,black birch,26.2,83.8,21.3,26,22.1,12.5,14.3,6,14:35:15,,14:40:00,1,1,1,2,,,,
7/7/23,NW PK,LGR3,1104,BELE,black birch,27.3,83.1,19.7,25.6,18.6,17,14.5,6,14:46:30,,14:49:30,1,1,1,2,,,,
7/7/23,NW PK,LGR3,3365,BELE,black birch,32.6,82.8,19.5,25.5,21.8,14.4,13.5,6,14:56:30,,15:01:45,2,1,1,2,,,,
7/7/23,NW PK,LGR3,749,TSCA,hemlock,42,84.9,20.1,27,11.3,7.6,12.9,6,15:16:00,,15:20:45,1,1,2,1,,,,
7/7/23,NW PK,LGR3,748,TSCA,hemlock,20.7,84.9,44.6,27.2,15.1,11.9,24.8,6,15:25:30,,15:28:30,1,1,2,1,,,,
7/13/23,NW LG,LGR4,9019,BELE,black birch,11.1,79,19,23.1,18.5,14.5,17.8,B3,10:15:45,,10:20:00,1,1,1,2,,,,
7/13/23,NW LG,LGR5,7282,ACRU,red maple,25,80.2,18.7,23.7,22.4,15.9,18.5,D8,10:31:30,,10:34:30,2,1,2,1,,,,
7/13/23,NW LG,LGR6,616,ACRU,red maple,22.9,78.4,18.8,24.5,23.9,18.4,18.1,D8,10:38:45,,10:42:45,1,1,2,2,,,,
7/13/23,NW LG,LGR7,620,ACRU,red maple,16.2,80.8,18.6,24.5,17.9,22.5,24.5,C4,10:52:30,,10:56:00,1,1,1,1,,,,
7/13/23,NW LG,LGR8,7121,ACRU,red maple,18.1,80.6,18.7,24.3,15.1,10.7,20.1,C4,11:09:00,,11:12:00,1,1,1,2,,,,
7/13/23,NW LG,LGR9,619,BELE,black birch,14.5,81,19.2,25.5,14.5,23.6,18.6,C4,13:03:40,12:40:40,13:09:00,2,1,1,1,,,,"really weird peeling, maybe fungal infection?"
7/13/23,NW LG,LGR10,629,ACRU,red maple,12.2,81.9,18.8,26.3,11.9,8.2,16.5,C4,13:16:30,,13:19:40,1,1,1,1,,,,
7/13/23,NW LG,LGR11,624,PIST,white pine,12.1,82.6,19.6,26.7,19.7,16.3,17.4,B3,13:26:30,,13:30:00,2,1,2,1,,,,dead
7/13/23,NW LG,LGR12,472,ACRU,red maple,14,81.5,18.4,25.7,14.5,8.6,17.7,C4,13:45:15,,13:48:16,2,1,1,2,,,,
7/13/23,NW LG,LGR13,598,QURU,red oak,42,81.1,19.1,24.5,20.3,19.2,21.5,D8,13:56:30,,14:00:30,2,1,2,2,,,,
7/13/23,NW LG,LGR14,462,BEPO,gray birch,33.1,85.1,19.2,25.9,22.7,15.3,12.6,D8,14:09:30,,14:15:00,1,1,2,1,,,,
7/13/23,NW LG,LGR15,463,PIST,white pine,18.7,81.3,18.8,25.9,20.3,18.5,18.6,C4,14:22:30,,14:26:00,1,1,1,1,,,,
7/13/23,NW LG,LGR16,460,QURU,red oak,48,82,19,24.3,24.2,17.3,18.3,D8,14:37:15,,14:41:00,2,1,1,1,,,,
7/13/23,NW LG,LGR17,459,ACRU,red maple,14.1,80.8,19,27.9,22.8,24.2,22,B3,14:46:30,,14:50:30,2,1,2,1,,,,dead
7/13/23,NW LG,LGR18,458,BELE,black birch,13.6,82.2,19.3,26.6,17.7,19.8,20.6,B3,14:56:00,,15:00:00,1,1,1,1,,,,
7/13/23,NW LG,LGR19,461,ACSA,sugar maple,11.9,82.8,19,26.8,23.2,16.4,20.2,B3,15:14:45,,15:18:00,1,1,2,2,,,,
7/13/23,NW LG,LGR20,311,ACRU,red maple,12,82.6,19.1,27,20.2,15.1,16.8,B3,15:21:30,,15:24:30,1,1,1,1,,,,
7/13/23,NW LG,LGR21,310,BEPO,gray birch,44.1,82.4,20.1,24.7,24.5,21.6,22.7,6,15:32:30,,15:35:30,2,1,2,1,,,,
7/12/23,JG PK LG,LGR3,1862,BEAL,yellow birch,21.5,75.6,16.5,21.6,44.5,48.8,47.8,C4,9:37:00,9:14:00,9:40:30,2,1,2,3,,,,
7/12/23,JG PK LG,LGR3,1912,BEAL,yellow birch,29.3,75.6,17,21.5,26.1,10.4,27.3,C4,9:44:30,,9:47:30,2,1,2,3,,,,
7/12/23,JG PK LG,LGR3,1886,TSCA,hemlock,38.9,79.3,15.8,21.8,10.5,12.2,15.6,6,9:56:45,,9:59:45,1,1,1,1,,,,
7/12/23,JG PK LG,LGR3,1902,ACRU,red maple,36.3,74.8,17,22.5,50.5,52.2,45.2,6,10:07:00,,10:10:00,2,1,2,2,,,,
7/12/23,JG PK LG,LGR3,6314,BEPA,white birch,26,76.5,17.6,21,46.1,27.5,47.3,C4,10:19:30,,10:23:00,1,1,2,3,,,,
7/12/23,JG PK LG,LGR3,6313,ACRU,red maple,52,77.4,18.1,22,21.5,24.7,10.3,6,10:34:00,,10:37:00,2,1,3,1,,,,
7/12/23,JG PK LG,LGR3,6382,ACRU,red maple,34.4,77.9,18.5,22.6,36.8,19.9,35.3,6,10:43:00,,10:46:00,2,1,2,1,,,,
7/12/23,JG PK LG,LGR3,6395,ACRU,red maple,35.4,78.4,18.2,22.6,24.8,24.5,29.7,6,10:55:00,,10:58:00,1,1,2,2,,,,
7/12/23,JG PK LG,LGR3,6380,PIST,white pine,55.8,79.3,17.9,23.1,23.5,27.9,26.7,6,11:04:15,,11:07:15,1,1,1,2,,,,
7/12/23,JG PK LG,LGR3,6386,PIST,white pine,74.7,79.5,18.4,22.6,33.4,25.7,19.3,6,11:10:00,,11:13:00,1,1,1,1,,,,
7/12/23,JG PK LG,LGR3,6350,BELE,black birch,25,78.3,18.8,23,21.8,38.1,44.5,6,11:23:00,,11:26:00,1,1,3,2,,,,
7/12/23,JG PK LG,LGR3,6358,ACRU,red maple,24,78.3,18.6,23.2,25.1,43.1,28.6,6,11:30:30,,11:34:30,2,1,1,2,,,,
7/12/23,JG PK LG,LGR3,6357,ACRU,red maple,26.4,80.8,17.9,23.6,16.9,25.6,35.1,6,11:36:45,,11:40:45,1,1,3,1,,,,
7/12/23,JG PK LG,LGR3,6352,BEAL,yellow birch,29.4,80.2,17.3,23.7,35.5,17.3,35.8,6,11:43:00,,11:46:00,0:00:00,1,1,3,,,,
7/12/23,JG PK LG,LGR3,131,TSCA,hemlock,34.2,79.2,17.9,24.1,21.5,29.6,,,,,,,,,,,,,
7/12/23,JG PK LG,LGR3,132,QUAL,white oak,44.9,79.2,17.7,24.3,21.5,29.6,18.7,6,12:07:00,,12:12:00,0:00:00,1,2,1,,,,
7/12/23,JG PK LG,LGR3,144,ACSA,sugar maple,28.8,81.5,17.6,24.1,31.4,34.5,37.3,6,12:16:00,,12:20:00,1,1,1,2,,,,
7/12/23,JG PK LG,LGR3,133,ACRU,red maple,45,83.7,18.1,23.7,24.8,30.8,30.9,6,12:27:00,,12:30:00,1,1,1,2,,,,
7/12/23,JG PK LG,LGR3,7119,QURU,red oak,38.3,84.6,18.6,25.6,18.6,18.2,21.8,6,13:10:00,,13:14:00,1,1,1,2,,,,
7/12/23,JG PK LG,LGR3,7118,QURU,red oak,55.1,84.6,18.7,26.4,17.7,11.3,20.8,6,13:19:00,,13:22:00,1,1,1,1,,,,
7/12/23,JG PK LG,LGR3,7120,QURU,red oak,40.3,88.2,19.1,29.6,12.9,15.3,18.6,6,13:33:00,,13:35:00,1,1,1,1,,,,DEAD
7/12/23,JG PK LG,LGR3,971,BELE,black birch,17.5,83.5,18.9,25.5,21.1,17.8,13.9,C4,13:57:00,,14:00:00,1,1,1,2,,,,
7/12/23,JG PK LG,LGR3,7377,BELE,black birch,22.9,86.2,25.1,25.5,25.9,20,29.3,C4,14:07:00,,14:10:00,1,1,1,2,,,,
7/12/23,JG PK LG,LGR3,6326,QUAL,white oak,33.5,86.4,18.6,25.2,21.4,14.5,,6,14:19:00,,14:22:00,2,1,1,1,,,,
7/14/23,PK NW,LGR3,1564,QURU,red oak,41.9,71.1,18.1,20.3,27.2,28.9,32.3,D8,10:01:00,,10:05:00,1,1,1,2,,,,
7/14/23,PK NW,LGR3,1956,QURU,red oak,42.8,71.1,18.4,19.8,27.2,28.9,32.3,D8,10:10:15,,10:14:30,1,1,1,2,,,,
7/14/23,PK NW,LGR3,1955,QURU,red oak,44,69.4,17.9,19.7,28.5,30,37.3,D8,10:19:30,,10:23:45,1,1,2,2,,,,
7/14/23,PK NW,LGR3,1963,QURU,red oak,34.3,69.4,17.9,19.7,28.5,30,37.3,D8,10:29:00,10:06:00,10:35:00,1,1,1,1,,,,
7/18/23,LG NW,LGR3,1999,PRSE,cherry,37.3,75.4,19.8,23.5,29.2,27.1,32,6,10:38:30,10:15:00,10:41:30,2,1,1,2,,,,
7/18/23,LG NW,LGR3,1984,ACRU,red maple,30.1,79.2,20.5,22.8,21.9,29.1,22.2,6,10:55:30,,10:58:30,2,1,2,3,,,,
7/18/23,LG NW,LGR3,2000,ACRU,red maple,32.1,80.1,20.8,23.5,31.6,25.9,29.1,6,11:19:00,,11:22:00,2,1,2,3,,,,
7/18/23,LG NW,LGR3,1985,ACRU,red maple,35.2,80.1,20.9,23.6,19.9,27.6,29.1,6,11:29:30,,11:34:30,2,1,1,2,,,,
7/18/23,LG NW,LGR3,1550,ACRU,red maple,32,78.6,19.8,23.4,36.1,34.4,30.9,6,11:39:00,,11:43:00,2,1,2,3,,,,"mushrooms on soil mound/base of tree, but not on stem"
7/18/23,LG NW,LGR3,1540,ACRU,red maple,23.5,78.9,18.8,24.2,40.3,28.9,39.1,6,11:57:00,,12:00:00,1,2,1,2,,,,
7/18/23,LG NW,LGR3,1543,PRSE,cherry,27.2,81,21,24.1,21.4,33,33,6,12:11:00,,12:14:00,2,1,1,2,,,,
7/18/23,LG NW,LGR3,1555,ACRU,red maple,26,77.9,20,24.2,33.6,24.7,30.7,6,12:19:00,,12:23:00,2,1,2,2,,,,
7/18/23,LG NW,LGR3,1566,PIST,white pine,48.9,79.5,18.2,24.1,24.4,12.5,16.4,6,12:38:00,,12:42:00,1,1,1,1,,,,
7/18/23,LG NW,LGR3,1561,TSCA,hemlock,53.8,82.2,19,24.4,32.9,26.8,28.5,6,12:51:30,,12:55:30,1,1,1,1,,,,
7/18/23,LG NW,LGR3,1557,PIST,white pine,52,81.3,19.8,24.3,38.9,32.1,20,6,13:15:15,,13:18:15,1,1,1,1,,,,
7/18/23,LG NW,LGR3,1565,QUAL,white oak ,12.1,79.3,18.6,25.7,38.7,26.8,26.5,B3,14:25:00,,14:28:00,1,3,1,2,,,,intense fungi but still has leaves / looks alive 
7/18/23,LG NW,LGR3,1548,ACSA,sugar maple,8.3,81.1,18.3,25.9,40.5,41.9,39.8,B3,14:37:00,,14:40:00,1,1,1,3,,,,
7/18/23,LG NW,LGR3,1538,ACRU,red maple,11,82,18.2,25.2,46.5,44.1,44.8,B3,14:46:30,,14:51:00,2,1,1,3,2NW,,,
7/18/23,LG NW,LGR3,1507,PIST,white pine,15.1,80.8,17.7,25.9,48.9,51.3,44.4,B3,14:59:00,,15:02:30,1,1,1,1,3E 3NW,,,
7/18/23,LG NW,LGR3,1553,QURU,red oak,45.8,79.5,16.5,24.2,33.7,18.5,37.5,6,15:11:30,,15:14:30,1,1,1,3,,,,
7/18/23,LG NW,LGR3,1397,ACRU,red maple,27.4,80.8,16.9,24.7,20.8,38.9,37.4,6,15:16:00,,15:20:00,1,1,2,3,,,,
7/18/23,LG NW,LGR3,1392,ACRU,red maple,28.7,80.1,15.2,24.3,31.8,39.6,39,6,15:28:00,,15:32:00,1,1,1,3,,,,
7/18/23,LG NW,LGR3,1539,FRAM,white ash,32.9,82.2,17.8,24.6,44.3,47.9,46.3,6,15:44:00,,15:47:09,2,1,2,2,1W,,,
7/18/23,LG NW,LGR3,1534,PIST,white pine,62.2,81.3,17.9,24.2,27.8,38.4,48.9,6,15:56:00,,16:01:30,1,1,2,1,,,,
7/18/23,LG NW,LGR3,1985,TSCA,hemlock,31.6,80.4,19.1,25.3,24.5,35.5,18.6,6,16:07:30,,16:11:30,1,1,1,1,,,,
7/18/23,LG NW,LGR3,1279,ACSA,sugar maple,28.5,78.4,20.3,24,19.3,19.6,28.2,6,16:13:00,,16:17:00,1,1,2,2,,,,
7/25/23,NW LG,LGR3,735,PIST,white pine ,79.2,73.9,18.2,22.6,19.8,13.6,12.5,6,10:26:00,10:01:00,10:29:00,1,1,1,1,,,,
7/25/23,NW LG,LGR3,736,ACRU,red maple,20.9,75.2,17.9,22.8,20.1,32.3,51.9,C4,10:41:00,,10:44:00,1,1,1,1,,,,
7/25/23,NW LG,LGR3,740,BELE,black birch,16.1,75.2,17,22.8,31.5,44,42.4,C4,10:47:45,,10:51:59,1,1,1,2,,,,
7/25/23,NW LG,LGR3,7500,ACRU,red maple ,16.4,76.8,17.6,23.3,18.5,34.9,26.4,C4,10:00:15,,10:03:15,1,1,1,2,,,,
7/25/23,NW LG,LGR3,7497,BELE,black birch,17.1,76,17.9,23.3,24.9,21.7,40.3,C4,11:15:15,,11:18:15,1,1,1,2,,,,
7/25/23,NW LG,LGR3,7496,BELE,black birch,28.4,76.3,17.4,22.9,16.5,16.8,15.3,D8,11:33:30,,11:36:30,1,1,1,2,,,,
7/25/23,NW LG,LGR3,untagged,QURU,red oak,37.8,77.3,16.8,23.1,19.1,28.8,25.1,D8,11:47:45,,11:50:45,1,1,1,2,,,,
7/25/23,NW LG,LGR3,771,QURU,red oak,36.9,77.7,17.4,23.7,18.1,28.8,25.1,D8,11:55:00,,11:58:00,1,2,1,2,,,,
7/25/23,NW LG,LGR3,untagged,QURU,red oak,45,77.9,15.5,22.5,18.1,28.8,25.1,D8,12:08:00,,12:11:00,1,1,1,3,,,,
7/25/23,NW LG,LGR3,768,QUAL,white oak,41.8,76.6,16.4,22.9,21.4,10.4,10.6,D8,12:17:30,,12:21:30,1,1,1,1,,any colony,,"looking very rough, but still has leaves"
7/25/23,NW LG,LGR3,767,QUAL,white oak,35.5,76.4,15.6,23.6,15.5,31.9,27.1,D8,12:30:00,,12:33:00,2,1,3,1,,,,
7/25/23,NW LG,LGR3,1552,PIST,white pine,62.7,79.5,18.9,25.4,24.5,23.3,13.5,6,14:24:45,,14:27:45,1,1,1,1,,,,
7/25/23,NW LG,LGR3,3352,ACRU,red maple,21.8,78.8,17.2,25.7,46.5,47.8,45.2,6,14:32:30,,14:37:00,1,1,1,2,1S,,,
7/25/23,NW LG,LGR3,1537,PIST,white pine,50.7,80.1,17.9,25.3,44.1,46.4,47.9,6,14:53:45,,14:56:45,1,1,1,1,,,,
7/25/23,NW LG,LGR3,1533,ACRU,red maple,22.2,78.9,18.5,25.5,41.3,36.7,39.8,6,15:04:45,,15:07:45,1,1,1,2,,,,
7/25/23,NW LG,LGR3,1543,ACRU,red maple,24.4,76.6,17.4,24.6,34.4,42.2,41.9,6,15:17:00,,15:20:00,1,1,2,1,,,,
7/25/23,NW LG,LGR3,1961,QUVE,black oak,68.2,74.4,16,21.8,42.3,38.9,34.2,6,15:23:45,,15:28:15,1,1,1,2,,,,
7/26/23,NW PK JG,LGR3,418,ACRU,red maple,49.3,73.9,18.2,21.6,40.4,42.8,38.7,D8,11:29:30,,11:33:30,2,1,1,2,,,,
7/26/23,NW PK JG,LGR3,429,QUAL,white oak,54,73,17.3,21.1,39.2,41.8,27.3,D8,11:36:45,,11:41:15,1,2,1,2,,,,
7/26/23,NW PK JG,LGR3,431,ACRU,red maple,36,76.5,16.7,21.2,15.5,42,25.9,D8,11:46:00,,11:49:30,1,1,1,2,,,,
7/26/23,NW PK JG,LGR3,285,BELE,black birch,33,74.2,16.8,21.2,40.8,30.6,43.8,D8,11:54:00,,11:58:45,1,1,1,3,,,,
7/26/23,NW PK JG,LGR3,277,QUVE,black oak,34.4,73.5,16.4,21.6,42.6,29.9,Saturated ,D8,12:01:00,,12:07:00,1,1,2,2,3N,,,
7/26/23,NW PK JG,LGR3,241,BELE,black birch,23.2,74.8,16.4,22.1,Saturated,Saturated,36.6,D8,12:09:00,,12:13:00,1,1,1,3,2E,,,
7/26/23,NW PK JG,LGR3,239,FRAM,white ash,36.8,74.1,15.3,21.6,Saturated,Saturated,45.4,D8,12:14:45,,12:18:15,3,1,1,1,3S,,,
7/26/23,NW PK JG,LGR3,240,TSCA,hemlock,34.2,74.7,16.3,21.7,Saturated,Saturated,51.5,D8,12:22:30,,12:26:15,1,1,1,1,3SE,,,
7/26/23,NW PK JG,LGR3,234,ACSA,sugar maple,33.5,75.1,16.1,22.6,Saturated,Saturated,51.9,D8,12:55:00,,12:59:00,1,1,1,2,,,,
7/26/23,NW PK JG,LGR3,143,ACSA,sugar maple ,26,75.2,15.5,22.8,25.6,Saturated,Saturated,D8,13:02:38,,13:06:30,2,1,1,3,,,,
7/26/23,NW PK JG,LGR3,139,BEAL,yellow birch,34.6,75.1,17.1,22.9,24.9,48.9,19.6,D8,13:07:45,,13:12:45,1,1,2,3,,,,
7/26/23,NW PK JG,LGR3,235,ACRU,red maple,16.4,75.3,16.1,22.9,Saturated,Saturated,Saturated,C4,13:18:00,,13:24:00,1,1,1,2,2W 1S,,,
7/26/23,NW PK JG,LGR3,258,ACSA,sugar maple,16.7,75.5,16.3,23.2,46.9,26.6,46.7,C4,13:28:00,,13:31:30,2,1,2,2,1E,,,
7/26/23,NW PK JG,LGR3,untagged,ACRU,red maple,22.1,75.9,17.2,23,28.3,18.8,27.1,C4,13:36:30,,13:41:15,2,1,2,2,,,,
7/26/23,NW PK JG,LGR3,275,BEAL,yellow birch,18,75.3,17.8,22.5,22.2,17.9,21.3,C4,13:42:30,,13:46:45,1,1,2,3,,,,
7/26/23,NW PK JG,LGR3,262,BEAL,yellow birch,20.1,78.1,14.7,23.4,Saturated,Saturated,Saturated,C4,13:50:00,,13:53:00,2,1,1,3,,,,
7/26/23,NW PK JG,LGR3,257,BEAL,yellow birch,25.4,76.2,16.8,22.6,42.1,51.9,46.2,C4,14:03:15,,14:06:15,1,1,2,3,,,,
7/26/23,NW PK JG,LGR3,237,BEAL,yellow birch,23,79.4,16.6,23.3,48.9,51.9,48.2,C4,14:10:15,,14:13:15,1,1,2,2,2S,,,
7/26/23,NW PK JG,LGR3,242,ACRU,red maple,18.7,77,18.7,22.9,46.2,34.7,40.8,C4,14:20:15,,14:23:15,1,1,2,3,,,,
7/26/23,NW PK JG,LGR3,245,QUAL,white oak,30.8,77.6,18.5,23.2,37.2,38.5,38.8,D8,14:26:15,,14:29:15,2,1,1,1,,,,
7/26/23,NW PK JG,LGR3,248,QURU,red oak,59.8,78.9,18.9,22.2,38.4,28.8,35.4,D8,14:34:15,,14:39:15,1,1,1,2,,,,
7/28/23,PK JG NW,LGR3,7257,BELE,black birch,36.7,74.2,20,22.8,21.5,28.9,22.3,D8,10:20:00,9:56:00,10:23:00,1,1,1,2,,,,
7/28/23,PK JG NW,LGR3,7256,BELE,black birch,36.6,74.4,20,22.7,20.3,24.9,20.6,D8,10:25:00,,10:30:00,1,2,1,2,,,,lots of mushrooms on one branch
7/28/23,PK JG NW,LGR3,7252,BEAL,yellow birch,23.4,75.2,19.6,22.7,22,20.9,24.7,D8,10:32:00,,10:37:00,1,1,2,3,,,,
7/28/23,PK JG NW,LGR3,7253,BEAL,yellow birch,17.9,75.1,19.9,23.4,22,20.9,24.7,D8,10:39:00,,10:42:00,1,1,1,1,,,,
7/28/23,PK JG NW,LGR3,6344,BELE,black birch,28.3,74.8,19.6,23,22,23.3,18,D8,10:45:30,,10:45:30,1,1,1,2,,,,
7/28/23,PK JG NW,LGR3,6360,BELE,black birch,24.4,74.9,19.6,22.8,22,23.3,18,D8,10:50:30,,10:53:30,1,1,1,2,,,,
7/28/23,PK JG NW,LGR3,7431,BELE,black birch,25.6,75.5,19.6,22.9,26.1,23.7,36.1,D8,10:57:00,,11:00:00,1,1,2,2,,,,
7/28/23,PK JG NW,LGR3,7283,BEAL,yellow birch,24.9,76.6,19.4,23.1,23.2,13.5,22.2,D8,11:04:30,,11:08:30,1,1,1,3,,,,
7/28/23,PK JG NW,LGR3,7263,BELE,black birch,29.5,76.6,19.6,23.2,25.4,22.3,13.2,D8,11:11:00,,11:14:00,1,1,1,3,,,,
7/28/23,PK JG NW,LGR3,7271,PIST,white pine,18.9,77.5,19.9,23.5,25.5,17.6,24.6,D8,11:22:00,,11:26:00,1,1,1,1,,,,
7/28/23,PK JG NW,LGR3,7272,TSCA,hemlock,34.5,77.6,20,23.5,17.4,15.9,14.3,D8,11:28:30,,11:33:30,1,1,1,1,,,,
7/28/23,PK JG NW,LGR3,7429,ACRU,red maple,22.4,79.1,19.8,23.6,22.1,15.9,27.8,D8,11:34:30,,11:38:00,1,1,1,2,,,,
7/28/23,PK JG NW,LGR3,7273,ACRU,red maple,25.9,77.9,19.8,23.3,23.2,26.2,19.9,D8,11:39:30,,11:43:00,1,1,1,1,,,,
7/28/23,PK JG NW,LGR3,7472,QURU,red oak,38.1,77.2,20,23.5,30.3,20.9,34.9,D8,11:47:00,,11:51:00,1,1,1,3,,,,
7/28/23,PK JG NW,LGR3,6328,BELE,black birch,27.8,78,20.1,23.9,18.5,23.9,27.5,D8,11:54:00,,11:57:00,2,1,1,3,,,,
7/28/23,PK JG NW,LGR3,7441,BELE,black birch,22,78.8,19.8,23.7,26.3,13.5,19.8,D8,11:58:00,,12:03:00,1,1,1,2,,,,
7/19/23,LG PK,LGR3,Ash1,FRAM,white ash,62.3,74.7,19.3,21.1,25.1,18.6,35.7,6,10:15:15,9:51,10:24,,,,,,,,
7/19/23,LG PK,LGR3,Ash2,FRAM,white ash,35.3,74.8,19.5,20.7,25.3,13.7,25.9,6,10:34:15,,10:37:30,,,,,,,,
7/19/23,LG PK,LGR3,Ash3,FRAM,white ash,33.2,73.9,19.4,20.8,17.9,16.1,21.4,6,10:42:30,,10:47:00,,,,,,,,
7/19/23,LG PK,LGR3,Ash4,FRAM,white ash,30.5,73.8,19,20.5,30.2,20.5,25.5,6,11:01:00,,11:04:00,,,,,,,,
7/19/23,LG PK,LGR3,Ash5,FRAM,white ash,49.4,72.5,19.6,20.3,16.8,27.5,25.1,6,11:19:15,,11:23:30,,,,,,,,
7/19/23,LG PK,LGR3,Ash6,FRAM,white ash,27.2,75.4,19.8,20.4,20.2,21.6,34.5,6,11:30:00,,11:34:50,,,,,,,,
7/19/23,LG PK,LGR3,Ash7,FRAM,white ash,27.7,74.7,19.6,20.9,31.1,26.2,21.5,6,11:41:15,,11:47:00,,,,,,,,
7/19/23,LG PK,LGR3,Ash8,FRAM,white ash,26,74.1,19.3,20.6,29.3,37.4,43.6,6,11:55:30,,12:01:30,,,,,,,,
7/19/23,LG PK,LGR3,Ash9,FRAM,white ash,21.4,73.8,19.6,21.3,34,27.6,20.2,C4,12:12:00,,12:15:30,,,,,,,,
7/19/23,LG PK,LGR3,Ash10,FRAM,white ash,25.6,75.7,19.3,21.3,28.9,30.6,34.8,6,12:28:30,,12:31:30,,,,,,,,
7/19/23,LG PK,LGR3,Ash11,FRAM,white ash,31.3,75.4,20.1,21.6,36.7,30.5,25.2,6,12:39:15,,12:42:45,,,,,,,,
7/19/23,LG PK,LGR3,Ash12,FRAM,white ash,27.5,77.4,19.2,21.3,38.5,17.5,31.3,6,12:53:00,,12:56:15,,,,,,,,
7/19/23,LG PK,LGR3,Ash13,FRAM,white ash,42.2,82,20.8,21.5,11.3,13.1,14.8,6,14:16:00,,14:19:45,,,,,,,,
7/19/23,LG PK,LGR3,Ash14,FRAM,white ash,39.4,78.3,21.1,22.2,18.2,26.1,26.8,6,14:26:00,,14:29:00,,,,,,,,
7/19/23,LG PK,LGR3,Ash15,FRAM,white ash,38.8,79.7,21.1,21.6,14.2,17.7,10.2,6,14:40:45,,14:43:45,,,,,,,,
7/19/23,LG PK,LGR3,Ash16,FRAM,white ash,38.4,79.9,20.3,21.3,12.8,20.5,21.7,6,14:52:00,,14:55:00,,,,,,,,
7/21/23,JG LG,LGR3,Ash17,FRAM,white ash,50.5,74.5,20.5,22.4,18.3,17.4,5.3,6,11:48:30,11:23:00,11:54:30,,,,,,,,
7/21/23,,LGR3,Ash18,FRAM,white ash,58.5,76.9,19.9,22.6,20.8,20.9,15.3,6,12:09:30,,12:14:30,,,,,,,,
7/21/23,,LGR3,Ash19,FRAM,white ash,31,75.1,19.3,22.3,10.4,17.1,9.8,6,12:20:15,,12:24:15,,,,,,,,
7/21/23,,LGR3,Ash20,FRAM,white ash,35.5,74.4,19.8,22.2,15.1,22.9,16,6,12:27:00,,12:32:00,,,,,,,,
7/21/23,,LGR3,Ash21,FRAM,white ash,28,74.5,19.7,22.7,15.2,12.7,11.2,6,12:39:00,,12:42:00,,,,,,,,
7/21/23,,LGR3,Ash22,FRAM,white ash,79.5,74.7,19.7,22.5,14.4,20.8,23.8,6,13:47:30,1:24:00,13:56:30,,,,,,,,
7/21/23,,LGR3,Ash23,FRAM,white ash,43,74.7,20,22.9,11.6,11.8,13.3,6,14:03:00,,14:10:00,,,,,,,,
7/21/23,,LGR3,Ash24,FRAM,white ash,35,74.5,18.6,22.1,15,19.8,17.3,6,14:13:00,,14:17:30,,,,,,,,
7/21/23,,LGR3,Ash25,FRAM,white ash,31.5,74.9,19.7,23.5,8.6,10.5,18.1,6,14:25:00,,14:28:00,,,,,,,,
7/21/23,,LGR3,Ash26,FRAM,white ash,36.2,75.7,18.7,23.2,41,40.3,17.6,6,14:31:00,,14:35:00,,,,,,,,
7/21/23,,LGR3,Ash27,FRAM,white ash,27.9,75.5,18.6,23.6,15.6,12,12,6,14:40:30,,14:48:15,,,,,,,,
7/21/23,,LGR3,Ash28,FRAM,white ash,42.8,76.1,19.3,23.3,11.2,8.7,29.1,6,14:52:30,,14:57:30,,,,,,,,
7/21/23,,LGR3,Ash29,FRAM,white ash,140,74,17.8,22.5,21.1,8.3,9.4,6,15:10:30,,15:15:30,,,,,,,,
7/21/23,,LGR3,Ash30,FRAM,white ash,47.9,74.3,18.9,22.3,9,49.1,11.7,6,15:22:30,,15:27:30,,,,,,,,