Date,Month,Site,Sample,Species,D_stem,CH4_R2,CH4_flux,CO2_R2,CO2_flux,Type,Plot,Subplot,Soil_temp,VWC,WTD,
6/15/2020,June,Upland,4783,QURU,55,0.1,6.4,1,3790.2,Tree,,,13.1,17.8,-36.5,
6/15/2020,June,Upland,7361,ACRU,34.2,1,68.1,1,2725.8,Tree,,,13.1,17.8,-36.5,
6/15/2020,June,Upland,7397,QURU,39.2,0.2,0.1,1,4270.9,Tree,,,13.1,17.8,-36.5,
6/15/2020,June,Upland,7447,BELE,37,1,107.7,1,6791.9,Tree,,,13.1,17.8,-36.5,
6/15/2020,June,Upland,8833,QURU,55,0,-4.7,1,4787.8,Tree,,,13.1,17.8,-36.5,
6/15/2020,June,Upland,8835,TSCA,48.7,0,-3.4,1,3804.9,Tree,,,13.1,17.8,-36.5,
6/16/2020,June,Upland,853,PIST,50.1,0.1,-7.4,1,2005.7,Tree,,,13.1,17.8,-36.5,
6/16/2020,June,Upland,1133,ACRU,31,0,2.8,0,122.2,Tree,,,13.1,17.8,-36.5,
6/16/2020,June,Upland,1134,QURU,44.7,0.4,8.8,0.9,3014.7,Tree,,,13.1,17.8,-36.5,
6/16/2020,June,Upland,1550,ACRU,32.2,0.5,16.4,1,2725.4,Tree,,,13.1,17.8,-36.5,
6/16/2020,June,Upland,3325,TSCA,46.5,0.1,7.7,1,3627.7,Tree,,,13.1,17.8,-36.5,
6/16/2020,June,Upland,3354,PIST,59.5,0,-10.6,1,8846,Tree,,,13.1,17.8,-36.5,
6/16/2020,June,Upland,3355,ACRU,29.8,1,130.8,1,6504.7,Tree,,,13.1,17.8,-36.5,
6/16/2020,June,Upland,3359,BELE,30,1,151.7,0.9,2509.4,Tree,,,13.1,17.8,-36.5,
6/16/2020,June,Upland,3564,QURU,52.1,0.1,0.5,0.6,6896.2,Tree,,,13.1,17.8,-36.5,
6/16/2020,June,Upland,3589,QURU,48,0.3,9.1,1,4016.4,Tree,,,13.1,17.8,-36.5,
6/16/2020,June,Upland,6326,QUAL,35,0.1,1.9,0.8,1896.4,Tree,,,13.1,17.8,-36.5,
6/16/2020,June,Upland,No tag,BELE,37,0.6,30.9,0.9,5813.5,Tree,,,13.1,17.8,-36.5,
6/17/2020,June,Upland,970,ACRU,27.6,1,98.5,1,3176.8,Tree,,,13.1,17.8,-36.5,
6/17/2020,June,Upland,3533,QURU,39.6,0.7,13.6,1,5862.7,Tree,,,13.1,17.8,-36.5,
6/17/2020,June,Wetland,1637,ACRU,35.8,0.2,-4.7,0.2,-929,Tree,,,12.925,44.44166667,-13,
6/17/2020,June,Wetland,1640,TSCA,39,0.1,-0.9,0.1,-229.4,Tree,,,12.925,44.44166667,-13,
6/17/2020,June,Wetland,1641,ACRU,41.3,1,992.6,1,2166.6,Tree,,,12.925,44.44166667,-13,
6/17/2020,June,Wetland,1830,ACRU,35,1,1441.5,1,4178.4,Tree,,,12.925,44.44166667,-13,
6/17/2020,June,Wetland,1926,ACRU,43.3,0,0.6,1,6868.3,Tree,,,12.925,44.44166667,-13,
6/17/2020,June,Wetland,4190,BEAL,25,0.6,23.5,1,2781.9,Tree,,,12.925,44.44166667,-13,
6/17/2020,June,Wetland,4797,BEAL,32.1,0,5.2,1,3849.2,Tree,,,12.925,44.44166667,-13,
6/17/2020,June,Wetland,Dead,ACRU,34.1,1,106.6,1,2729.1,Tree,,,12.925,44.44166667,-13,
6/17/2020,June,Wetland,Dead,BEAL,32.2,1,76.3,1,30227.1,Tree,,,12.925,44.44166667,-13,
6/17/2020,June,Wetland,Dead,FRAM,30.3,0,5.1,0,538.1,Tree,,,12.925,44.44166667,-13,
6/18/2020,June,Intermediate,1885,ACRU,34.7,0.4,6,1,4849.6,Tree,,,13.43333333,20.11666667,-29.2,
6/18/2020,June,Intermediate,4246,PIST,59.3,0,2.8,1,23589.4,Tree,,,13.43333333,20.11666667,-29.2,
6/18/2020,June,Intermediate,4261,TSCA,43.2,0.6,22.2,0.3,-68,Tree,,,13.43333333,20.11666667,-29.2,
6/18/2020,June,Intermediate,5078,BEAL,37,0.2,5,1,5270.8,Tree,,,13.43333333,20.11666667,-29.2,
6/18/2020,June,Intermediate,5086,ACRU,42.5,0,2.5,1,5126.7,Tree,,,13.43333333,20.11666667,-29.2,
6/18/2020,June,Intermediate,5092,BELE,36,0.1,-4.6,1,7768.1,Tree,,,13.43333333,20.11666667,-29.2,
6/18/2020,June,Intermediate,5099,BELE,33.8,0,5.8,1,2355.7,Tree,,,13.43333333,20.11666667,-29.2,
6/18/2020,June,Intermediate,6371,ACRU,45.3,0,14.8,0.9,1875.9,Tree,,,13.43333333,20.11666667,-29.2,
6/18/2020,June,Intermediate,6393,TSCA,37.6,0,8.4,1,7141.7,Tree,,,13.43333333,20.11666667,-29.2,
6/18/2020,June,Intermediate,Dead,TSCA,40.5,1,,1,9310.6,Tree,,,13.43333333,20.11666667,-29.2,
6/19/2020,June,Intermediate,5091,TSCA,29.7,0.6,5.7,1,2381.2,Tree,,,13.43333333,20.11666667,-29.2,
6/19/2020,June,Intermediate,Dead,BELE,29.4,0.3,5.3,1,24530.7,Tree,,,13.43333333,20.11666667,-29.2,
6/19/2020,June,Upland,4156,QURU,35.5,1,81.4,1,5531,Tree,,,13.1,17.8,-36.5,
6/19/2020,June,Upland,Dead,ACRU,32.9,0.8,18.1,1,20573,Tree,,,13.1,17.8,-36.5,
6/19/2020,June,Wetland,4103,FRAM,34,0,-2,1,5971.1,Tree,,,12.925,44.44166667,-13,
6/19/2020,June,Wetland,4181,BEAL,26,0.3,-1.3,1,7403.1,Tree,,,12.925,44.44166667,-13,
6/19/2020,June,Wetland,4295,ACRU,33.8,1,93.8,1,9075.2,Tree,,,12.925,44.44166667,-13,
7/20/2020,July,Intermediate,4246,PIST,59.3,0,0.2,1,2459.1,Tree,,,17.95,20.75,-29.5,
7/20/2020,July,Upland,1133,ACRU,31,0.4,1.2,0.8,727.6,Tree,,,18.46666667,16.05,-36.70333333,
7/20/2020,July,Upland,1134,QURU,44.7,0.8,30.8,1,1963.8,Tree,,,18.46666667,16.05,-36.70333333,
7/20/2020,July,Upland,1550,ACRU,32.2,0.2,5.8,1,2032.6,Tree,,,18.46666667,16.05,-36.70333333,
7/20/2020,July,Upland,3325,TSCA,46.5,0,4.8,1,1524,Tree,,,18.46666667,16.05,-36.70333333,
7/20/2020,July,Upland,3355,ACRU,29.8,1,82.8,1,1816.5,Tree,,,18.46666667,16.05,-36.70333333,
7/20/2020,July,Upland,3359,BELE,30,0.7,599.3,1,698.9,Tree,,,18.46666667,16.05,-36.70333333,
7/20/2020,July,Upland,3533,QURU,39.6,0.7,17.5,1,2133.9,Tree,,,18.46666667,16.05,-36.70333333,
7/20/2020,July,Upland,3564,QURU,52.1,0.1,-0.4,1,960.2,Tree,,,18.46666667,16.05,-36.70333333,
7/20/2020,July,Upland,3589,QURU,48,0.2,5.6,1,1607.8,Tree,,,18.46666667,16.05,-36.70333333,
7/21/2020,July,Intermediate,1885,ACRU,34.7,0.1,3.9,0.9,711.7,Tree,,,17.95,20.75,-29.5,
7/21/2020,July,Intermediate,4261,TSCA,43.2,0.8,-20.8,0.9,1914.3,Tree,,,17.95,20.75,-29.5,
7/21/2020,July,Intermediate,5078,BEAL,37,0.5,10.4,1,1703.4,Tree,,,17.95,20.75,-29.5,
7/21/2020,July,Intermediate,5086,ACRU,42.5,0.8,12.6,1,1526.2,Tree,,,17.95,20.75,-29.5,
7/21/2020,July,Intermediate,5092,BELE,36,0,2.7,0.9,2306,Tree,,,17.95,20.75,-29.5,
7/21/2020,July,Intermediate,5099,BELE,33.8,0.5,10.6,1,557.5,Tree,,,17.95,20.75,-29.5,
7/21/2020,July,Intermediate,6371,ACRU,45.3,0.7,20.1,1,1162.5,Tree,,,17.95,20.75,-29.5,
7/21/2020,July,Intermediate,6393,TSCA,37.6,0.1,-4.1,1,3058.3,Tree,,,17.95,20.75,-29.5,
7/21/2020,July,Intermediate,Dead,BELE,29.4,0.2,10.7,1,6905.6,Tree,,,17.95,20.75,-29.5,
7/21/2020,July,Wetland,1637,ACRU,35.8,0.6,15.5,0.9,1400,Tree,,,18.32222222,45.68888889,-20.75,
7/21/2020,July,Wetland,1640,TSCA,39,0,3.2,1,2331.9,Tree,,,18.32222222,45.68888889,-20.75,
7/21/2020,July,Wetland,1641,ACRU,41.3,1,386,1,1713.7,Tree,,,18.32222222,45.68888889,-20.75,
7/21/2020,July,Wetland,1830,ACRU,35,1,588.9,1,1145.2,Tree,,,18.32222222,45.68888889,-20.75,
7/21/2020,July,Wetland,1926,ACRU,43.3,0.1,9.4,1,2399.7,Tree,,,18.32222222,45.68888889,-20.75,
7/21/2020,July,Wetland,4190,BEAL,25,0,-2.7,1,950.8,Tree,,,18.32222222,45.68888889,-20.75,
7/21/2020,July,Wetland,4797,BEAL,32.1,0.1,0.6,1,834.3,Tree,,,18.32222222,45.68888889,-20.75,
7/21/2020,July,Wetland,DEAD,ACRU,34.1,1,320.2,1,1469,Tree,,,18.32222222,45.68888889,-20.75,
7/21/2020,July,Wetland,DEAD,BEAL,32.2,1,118.9,1,6128.8,Tree,,,18.32222222,45.68888889,-20.75,
7/21/2020,July,Wetland,DEAD,FRAM,30.3,0.1,-3.6,0.9,1050.6,Tree,,,18.32222222,45.68888889,-20.75,
7/22/2020,July,Upland,853,PIST,50.1,0.4,4.9,1,812.8,Tree,,,18.46666667,16.05,-36.70333333,
7/22/2020,July,Upland,970,ACRU,27.6,0.9,98.2,1,693.8,Tree,,,18.46666667,16.05,-36.70333333,
7/22/2020,July,Upland,4156,QURU,35.5,0.8,15,1,649.7,Tree,,,18.46666667,16.05,-36.70333333,
7/22/2020,July,Upland,4774,BELE,47.1,0.9,129,0.9,1872.3,Tree,,,18.46666667,16.05,-36.70333333,
7/22/2020,July,Upland,4783,QURU,55,0.1,3.2,1,1773.2,Tree,,,18.46666667,16.05,-36.70333333,
7/22/2020,July,Upland,6326,QUAL,35,0,-1.6,1,1018.5,Tree,,,18.46666667,16.05,-36.70333333,
7/22/2020,July,Upland,7361,ACRU,34.2,1,99.9,1,1089.5,Tree,,,18.46666667,16.05,-36.70333333,
7/22/2020,July,Upland,7397,QURU,39.2,0,-0.3,1,1598.9,Tree,,,18.46666667,16.05,-36.70333333,
7/22/2020,July,Upland,7447,BELE,37,0.1,-4.7,1,2588.5,Tree,,,18.46666667,16.05,-36.70333333,
7/22/2020,July,Upland,8833,QURU,55,0,2.1,1,2076.8,Tree,,,18.46666667,16.05,-36.70333333,
7/22/2020,July,Upland,8835,TSCA,48.7,0,2.8,1,1780.2,Tree,,,18.46666667,16.05,-36.70333333,
7/22/2020,July,Upland,Dead,ACRU,32.9,0.9,26.4,1,5713,Tree,,,18.46666667,16.05,-36.70333333,
7/22/2020,July,Upland,No tag,BELE,37,0.9,62,1,1919.3,Tree,,,18.46666667,16.05,-36.70333333,
7/23/2020,July,Intermediate,5091,TSCA,29.7,0.4,14.6,1,3246.8,Tree,,,17.95,20.75,-29.5,
7/23/2020,July,Wetland,4103,FRAM,34,0,9.1,1,771.6,Tree,,,18.32222222,45.68888889,-20.75,
7/23/2020,July,Wetland,4181,BEAL,26,0.5,32.3,1,1904.1,Tree,,,18.32222222,45.68888889,-20.75,
7/23/2020,July,Wetland,4295,ACRU,33.8,0.9,101.2,1,1000.8,Tree,,,18.32222222,45.68888889,-20.75,
8/24/2020,August,Upland,1133,ACRU,31,0.8,13.5,0.2,-1579.9,Tree,,,18.08333333,8.333333333,-36.5225,
8/24/2020,August,Upland,1134,QURU,44.7,0.9,17.1,1,1358,Tree,,,18.08333333,8.333333333,-36.5225,
8/24/2020,August,Upland,1550,ACRU,32.2,0.1,2.7,1,1248.8,Tree,,,18.08333333,8.333333333,-36.5225,
8/24/2020,August,Upland,3325,TSCA,46.5,0.1,-0.7,1,1006,Tree,,,18.08333333,8.333333333,-36.5225,
8/24/2020,August,Upland,3354,PIST,59.5,1,106.9,1,1480.3,Tree,,,18.08333333,8.333333333,-36.5225,
8/24/2020,August,Upland,3355,ACRU,29.8,0,11.6,1,689.4,Tree,,,18.08333333,8.333333333,-36.5225,
8/24/2020,August,Upland,3359,BELE,30,1,147.9,1,1337.6,Tree,,,18.08333333,8.333333333,-36.5225,
8/24/2020,August,Upland,3533,QURU,39.6,0.7,18.9,1,1676.1,Tree,,,18.08333333,8.333333333,-36.5225,
8/24/2020,August,Upland,3564,QURU,52.1,0.1,-0.5,1,2388.1,Tree,,,18.08333333,8.333333333,-36.5225,
8/24/2020,August,Upland,3589,QURU,48,0,5.9,1,2303.3,Tree,,,18.08333333,8.333333333,-36.5225,
8/25/2020,August,Intermediate,1885,ACRU,34.7,0.3,1.1,1,1147.5,Tree,,,16.2,12.2,-29.21,
8/25/2020,August,Intermediate,4261,TSCA,43.2,0,-3,1,1462.2,Tree,,,16.2,12.2,-29.21,
8/25/2020,August,Wetland,1637,ACRU,35.8,0.5,1.1,0.9,797.8,Tree,,,18.59166667,35.5,-20.75,
8/25/2020,August,Wetland,1640,TSCA,39,0.1,-1.7,1,1460.4,Tree,,,18.59166667,35.5,-20.75,
8/25/2020,August,Wetland,1641,ACRU,41.3,1,157.4,1,1265.4,Tree,,,18.59166667,35.5,-20.75,
8/25/2020,August,Wetland,1830,ACRU,35,0.7,20.2,0.9,291.6,Tree,,,18.59166667,35.5,-20.75,
8/25/2020,August,Wetland,1926,ACRU,43.3,0.1,3.8,1,1897.3,Tree,,,18.59166667,35.5,-20.75,
8/25/2020,August,Wetland,4103,FRAM,34,0.1,-2.5,0.8,609.1,Tree,,,18.59166667,35.5,-20.75,
8/25/2020,August,Wetland,4181,BEAL,26,0.2,6.1,1,1360.4,Tree,,,18.59166667,35.5,-20.75,
8/25/2020,August,Wetland,4190,BEAL,25,0,2.9,1,813.5,Tree,,,18.59166667,35.5,-20.75,
8/25/2020,August,Wetland,4295,ACRU,33.8,1,159.9,1,1337.9,Tree,,,18.59166667,35.5,-20.75,
8/25/2020,August,Wetland,4797,BEAL,32.1,0.1,3.6,1,583,Tree,,,18.59166667,35.5,-20.75,
8/25/2020,August,Wetland,DEAD,ACRU,34.1,1,118.4,1,513.1,Tree,,,18.59166667,35.5,-20.75,
8/25/2020,August,Wetland,DEAD,BEAL,32.2,1,69.2,1,5924.5,Tree,,,18.59166667,35.5,-20.75,
8/25/2020,August,Wetland,DEAD,FRAM,30.3,0,-1.9,1,816.7,Tree,,,18.59166667,35.5,-20.75,
8/26/2020,August,Intermediate,6371,ACRU,45.3,0.3,5.9,1,532.3,Tree,,,16.2,12.2,-29.21,
8/26/2020,August,Intermediate,6393,TSCA,37.6,0.2,5.1,1,1714.3,Tree,,,16.2,12.2,-29.21,
8/26/2020,August,Upland,853,PIST,50.1,0.2,0.2,0.9,345.8,Tree,,,18.08333333,8.333333333,-36.5225,
8/26/2020,August,Upland,970,ACRU,27.6,0.7,23.9,0.9,240.9,Tree,,,18.08333333,8.333333333,-36.5225,
8/26/2020,August,Upland,4156,QURU,35.5,0.9,25.8,1,470.8,Tree,,,18.08333333,8.333333333,-36.5225,
8/26/2020,August,Upland,4774,BELE,47.1,0.6,35.1,1,828,Tree,,,18.08333333,8.333333333,-36.5225,
8/26/2020,August,Upland,4783,QURU,55,0.1,2.9,1,1272,Tree,,,18.08333333,8.333333333,-36.5225,
8/26/2020,August,Upland,6326,QUAL,35,0,3.3,1,641.6,Tree,,,18.08333333,8.333333333,-36.5225,
8/26/2020,August,Upland,7361,ACRU,34.2,1,71.9,1,381.8,Tree,,,18.08333333,8.333333333,-36.5225,
8/26/2020,August,Upland,7397,QURU,39.2,0,-8.4,1,623.7,Tree,,,18.08333333,8.333333333,-36.5225,
8/26/2020,August,Upland,7447,BELE,37,0,-2.2,1,688.1,Tree,,,18.08333333,8.333333333,-36.5225,
8/26/2020,August,Upland,8833,QURU,55,0.1,-3,1,1105.1,Tree,,,18.08333333,8.333333333,-36.5225,
8/26/2020,August,Upland,8835,TSCA,48.7,0,-6,0.9,400,Tree,,,18.08333333,8.333333333,-36.5225,
8/26/2020,August,Upland,Dead,ACRU,32.9,0.6,18.7,0.9,3698,Tree,,,18.08333333,8.333333333,-36.5225,
8/26/2020,August,Upland,No tag,BELE,37,0.6,33.8,0.6,487,Tree,,,18.08333333,8.333333333,-36.5225,
8/27/2020,August,Intermediate,4246,PIST,59.3,0.2,-4.2,0.9,1090,Tree,,,16.2,12.2,-29.21,
8/27/2020,August,Intermediate,5078,BEAL,37,0.6,11.8,1,661,Tree,,,16.2,12.2,-29.21,
8/27/2020,August,Intermediate,5086,ACRU,42.5,0,0.6,1,162.1,Tree,,,16.2,12.2,-29.21,
8/27/2020,August,Intermediate,5091,TSCA,29.7,0,7,1,1042.9,Tree,,,16.2,12.2,-29.21,
8/27/2020,August,Intermediate,5092,BELE,36,0,-0.9,0.7,741.1,Tree,,,16.2,12.2,-29.21,
8/27/2020,August,Intermediate,5099,BELE,33.8,0,2.6,1,236.6,Tree,,,16.2,12.2,-29.21,
8/27/2020,August,Intermediate,Dead,BELE,29.4,0.2,9.2,1,3987.2,Tree,,,16.2,12.2,-29.21,
9/21/2020,September,Upland,1133,ACRU,31,0.1,3.3,1,151.1,Tree,,,12.38333333,4.175,-36.5225,
9/21/2020,September,Upland,1134,QURU,44.7,0,-4.4,1,495.7,Tree,,,12.38333333,4.175,-36.5225,
9/21/2020,September,Upland,1550,ACRU,32.2,0,-0.3,0.9,702.2,Tree,,,12.38333333,4.175,-36.5225,
9/21/2020,September,Upland,3325,TSCA,46.5,0.1,-4,1,320.7,Tree,,,12.38333333,4.175,-36.5225,
9/21/2020,September,Upland,3354,PIST,59.5,0,0.1,1,561,Tree,,,12.38333333,4.175,-36.5225,
9/21/2020,September,Upland,3355,ACRU,29.8,0.9,34.5,1,310.1,Tree,,,12.38333333,4.175,-36.5225,
9/21/2020,September,Upland,3359,BELE,30,0.8,39.8,1,153.5,Tree,,,12.38333333,4.175,-36.5225,
9/21/2020,September,Upland,3533,QURU,39.6,0.4,3.4,1,781,Tree,,,12.38333333,4.175,-36.5225,
9/21/2020,September,Upland,3564,QURU,52.1,0.1,3.8,1,1563.4,Tree,,,12.38333333,4.175,-36.5225,
9/21/2020,September,Upland,3589,QURU,48,0.4,12.7,0.9,1196.6,Tree,,,12.38333333,4.175,-36.5225,
9/22/2020,September,Wetland,1637,ACRU,35.8,0.4,5.1,1,347.6,Tree,,,12.19166667,28.24166667,-20.75,
9/22/2020,September,Wetland,1640,TSCA,39,0.3,1.5,1,419.4,Tree,,,12.19166667,28.24166667,-20.75,
9/22/2020,September,Wetland,1641,ACRU,41.3,1,196.2,1,283.1,Tree,,,12.19166667,28.24166667,-20.75,
9/22/2020,September,Wetland,1830,ACRU,35,0.7,11.8,1,332.9,Tree,,,12.19166667,28.24166667,-20.75,
9/22/2020,September,Wetland,1926,ACRU,43.3,0.1,2.4,1,364.3,Tree,,,12.19166667,28.24166667,-20.75,
9/22/2020,September,Wetland,4103,FRAM,34,0,1.4,1,234,Tree,,,12.19166667,28.24166667,-20.75,
9/22/2020,September,Wetland,4181,BEAL,26,0,3.4,0.8,183,Tree,,,12.19166667,28.24166667,-20.75,
9/22/2020,September,Wetland,4190,BEAL,25,0,-3.7,1,189.3,Tree,,,12.19166667,28.24166667,-20.75,
9/22/2020,September,Wetland,4295,ACRU,33.8,0.5,31.8,0.8,440.9,Tree,,,12.19166667,28.24166667,-20.75,
9/22/2020,September,Wetland,4797,BEAL,32.1,0.1,-2.1,1,487.4,Tree,,,12.19166667,28.24166667,-20.75,
9/22/2020,September,Wetland,DEAD,ACRU,34.1,1,156.3,1,414.5,Tree,,,12.19166667,28.24166667,-20.75,
9/22/2020,September,Wetland,DEAD,BEAL,32.2,1,44.5,1,2210.4,Tree,,,12.19166667,28.24166667,-20.75,
9/22/2020,September,Wetland,DEAD,FRAM,30.3,0,-2.1,1,205.2,Tree,,,12.19166667,28.24166667,-20.75,
9/23/2020,September,Intermediate,1885,ACRU,34.7,0,-9.2,1,545.9,Tree,,,12.26666667,6.533333333,-29.21,
9/23/2020,September,Intermediate,4246,PIST,59.3,0,-3.9,0.9,897.3,Tree,,,12.26666667,6.533333333,-29.21,
9/23/2020,September,Intermediate,4261,TSCA,43.2,0.1,0.8,0.6,65.4,Tree,,,12.26666667,6.533333333,-29.21,
9/23/2020,September,Intermediate,5078,BEAL,37,0.8,25.8,1,81.8,Tree,,,12.26666667,6.533333333,-29.21,
9/23/2020,September,Intermediate,5086,ACRU,42.5,0,1.2,0.9,424.7,Tree,,,12.26666667,6.533333333,-29.21,
9/23/2020,September,Intermediate,5091,TSCA,29.7,0.8,-20.1,1,195.9,Tree,,,12.26666667,6.533333333,-29.21,
9/23/2020,September,Intermediate,5092,BELE,36,0.5,-21.8,0.9,109.5,Tree,,,12.26666667,6.533333333,-29.21,
9/23/2020,September,Intermediate,5099,BELE,33.8,0.7,-14.9,1,93.2,Tree,,,12.26666667,6.533333333,-29.21,
9/23/2020,September,Intermediate,6371,ACRU,45.3,0.3,11.4,1,731.3,Tree,,,12.26666667,6.533333333,-29.21,
9/23/2020,September,Intermediate,6393,TSCA,37.6,0,5.8,0.9,860.3,Tree,,,12.26666667,6.533333333,-29.21,
9/23/2020,September,Intermediate,Dead,BELE,29.4,1,-55.6,1,252.5,Tree,,,12.26666667,6.533333333,-29.21,
9/23/2020,September,Upland,853,PIST,50.1,0,-6.5,0.9,247.9,Tree,,,12.38333333,4.175,-36.5225,
9/23/2020,September,Upland,970,ACRU,27.6,0.9,45,1,661,Tree,,,12.38333333,4.175,-36.5225,
9/23/2020,September,Upland,7447,BELE,37,0,2.3,1,1045.2,Tree,,,12.38333333,4.175,-36.5225,
9/23/2020,September,Upland,8833,QURU,55,0.3,5,1,2174.2,Tree,,,12.38333333,4.175,-36.5225,
9/23/2020,September,Upland,Dead,ACRU,32.9,0.4,12,1,2111.5,Tree,,,12.38333333,4.175,-36.5225,
9/24/2020,September,Upland,4156,QURU,35.5,0.8,36.9,1,395.9,Tree,,,12.38333333,4.175,-36.5225,
9/24/2020,September,Upland,4774,BELE,47.1,0.1,-13.1,0.9,273.3,Tree,,,12.38333333,4.175,-36.5225,
9/24/2020,September,Upland,4783,QURU,55,0,1.7,1,1142.4,Tree,,,12.38333333,4.175,-36.5225,
9/24/2020,September,Upland,6326,QUAL,35,0.1,-2,1,400.3,Tree,,,12.38333333,4.175,-36.5225,
9/24/2020,September,Upland,7361,ACRU,34.2,0.4,19.9,1,346.3,Tree,,,12.38333333,4.175,-36.5225,
9/24/2020,September,Upland,7397,QURU,39.2,0.2,-0.5,1,976.7,Tree,,,12.38333333,4.175,-36.5225,
9/24/2020,September,Upland,8835,TSCA,48.7,0.4,9.5,1,601.3,Tree,,,12.38333333,4.175,-36.5225,
9/24/2020,September,Upland,No tag,BELE,37,0,7.5,0.9,110,Tree,,,12.38333333,4.175,-36.5225,
6/15/2020,June,Upland,,,,0.99,-807.2,0.99,1011.3,Soil,1,4,13.4,11.8,-36.8,
6/15/2020,June,Upland,,,,0.99,-658.8,0.99,645.7,Soil,1,5,13.1,14.7,-36.8,
6/15/2020,June,Upland,,,,0.99,-576.9,1,852.4,Soil,1,6,13.3,11.8,-36.8,
6/15/2020,June,Upland,,,,0.98,-344.4,0.99,708.1,Soil,1,2,13.2,16.5,-35.6,
6/15/2020,June,Upland,,,,0.96,-191.8,1,1189.8,Soil,1,3,13.5,14.1,-35.6,
6/15/2020,June,Upland,,,,0.91,-162.5,0.99,874.8,Soil,1,1,13.5,17.2,-35.6,
6/16/2020,June,Upland,,,,0.99,-625.4,0.99,595.8,Soil,2,3,12.5,26.3,-36.8,
6/16/2020,June,Upland,,,,0.99,-453.5,0.93,307.5,Soil,2,4,13.3,14.1,-36.8,
6/16/2020,June,Upland,,,,0.99,-384.7,1,944,Soil,2,6,13,20.2,-36.8,
6/16/2020,June,Upland,,,,0.96,-158.2,0.98,576.6,Soil,2,2,13.1,14,-36.8,
6/16/2020,June,Upland,,,,0.94,-116.4,1,646,Soil,2,5,12.5,19.6,-36.8,
6/16/2020,June,Upland,,,,0.82,-103.7,0.96,534.6,Soil,2,1,12.8,33.3,-36.8,
6/17/2020,June,Wetland,,,,0.95,-138.3,1,2002.5,Soil,2,3,12.6,20.9,-5.1,
6/17/2020,June,Wetland,,,,0.63,-71.2,1,1019.1,Soil,1,2,12.4,34.9,-2.5,
6/17/2020,June,Wetland,,,,0.26,-10.3,1,1513.2,Soil,1,3,12.3,27.3,-2.5,
6/17/2020,June,Wetland,,,,0,-5.8,0.99,996.6,Soil,1,1,12.8,34.1,-2.5,
6/17/2020,June,Wetland,,,,0.09,6.1,0.99,535.5,Soil,2,2,12.8,30.7,-5.1,
6/17/2020,June,Wetland,,,,0.46,55.8,1,1059.5,Soil,2,1,13,18.7,-5.1,
6/17/2020,June,Wetland,,,,0.86,,0.98,411.4,Soil,2,3,13.4,59.9,-20.3,
6/17/2020,June,Wetland,,,,0.95,135.5,0.94,174.5,Soil,1,2,12.9,58.9,-24.1,
6/17/2020,June,Wetland,,,,0.99,319.6,0.95,229.5,Soil,1,3,12.8,63.7,-24.1,
6/17/2020,June,Wetland,,,,0.99,820.5,0.98,477.7,Soil,2,2,13.7,49.5,-20.3,
6/17/2020,June,Wetland,,,,0.98,1990.5,0.98,221.7,Soil,1,1,12.9,72.8,-24.1,
6/17/2020,June,Wetland,,,,0.87,2782.8,0.99,466.9,Soil,2,1,13.5,61.9,-20.3,
6/18/2020,June,Intermediate,,,,0.97,-467,0.99,597.7,Soil,1,3,13.6,15.9,-29.2,
6/18/2020,June,Intermediate,,,,0.98,-430.9,0.99,871.9,Soil,2,3,13.8,30.8,-29.2,
6/18/2020,June,Intermediate,,,,0.97,-307.6,0.99,742.7,Soil,2,1,13.3,14,-29.2,
6/18/2020,June,Intermediate,,,,0.97,-211.3,1,1494.3,Soil,2,2,13.3,11.8,-29.2,
6/18/2020,June,Intermediate,,,,0.92,-171.7,1,921.1,Soil,1,1,13.7,30.4,-29.2,
6/18/2020,June,Intermediate,,,,0.82,-78.1,0.98,777.6,Soil,1,2,12.9,17.8,-29.2,
7/20/2020,July,Upland,,,,1,-751.5,1,1340.1,Soil,2,3,19.3,4.3,-37,
7/20/2020,July,Upland,,,,0.98,-427.3,0.99,1505.7,Soil,2,4,18.7,13.6,-37,
7/20/2020,July,Upland,,,,0.99,-399.8,1,3029.8,Soil,2,6,18.6,16.8,-37,
7/20/2020,July,Upland,,,,0.96,-335.4,0.99,1720.7,Soil,2,2,18.2,20.1,-37,
7/20/2020,July,Upland,,,,0.95,-190.5,0.98,1307.9,Soil,2,1,18.1,25,-37,
7/20/2020,July,Upland,,,,0.93,-169.6,0.99,1131.5,Soil,2,5,17.9,16.5,-37,
7/21/2020,July,Intermediate,,,,1,-917.9,1,1965.8,Soil,1,3,18.4,15.4,-29.5,
7/21/2020,July,Intermediate,,,,1,-782.8,1,2611.5,Soil,2,3,18.7,18.7,-29.5,
7/21/2020,July,Intermediate,,,,0.98,-341.9,1,1624.8,Soil,2,1,17.7,18.7,-29.5,
7/21/2020,July,Intermediate,,,,0.98,-296,1,1985.8,Soil,1,1,18.5,31.2,-29.5,
7/21/2020,July,Intermediate,,,,0.96,-198.3,1,2171.4,Soil,2,2,17.1,16.4,-29.5,
7/21/2020,July,Intermediate,,,,0.95,-174.4,1,2703.7,Soil,1,2,17.3,24.1,-29.5,
7/21/2020,July,Wetland,,,,0.94,-181.5,1,1754.2,Soil,2,3,,,-19,
7/21/2020,July,Wetland,,,,0.83,-81,1,2155.4,Soil,1,1,18.2,32.4,-31,
7/21/2020,July,Wetland,,,,0.77,-68,1,1629.3,Soil,1,3,17.1,25.2,-31,
7/21/2020,July,Wetland,,,,0.46,-44.9,0.99,1442.2,Soil,2,2,,,-19,
7/21/2020,July,Wetland,,,,0.73,-39,0.98,858.3,Soil,1,2,17,29.7,-31,
7/21/2020,July,Wetland,,,,0,-17.8,0.98,663,Soil,2,1,,,-19,
7/21/2020,July,Wetland,,,,0.96,175.8,1,817.6,Soil,2,2,18.6,48.3,-22,
7/21/2020,July,Wetland,,,,0.99,648.2,0.96,325.5,Soil,1,3,18.3,52.6,-11,
7/21/2020,July,Wetland,,,,1,6295,1,882.7,Soil,1,1,18.8,64,-11,
7/21/2020,July,Wetland,,,,0.99,8522.2,0.49,194.7,Soil,2,3,19.1,57.6,-22,
7/21/2020,July,Wetland,,,,0.98,10644.2,0.98,466,Soil,1,2,19.1,45.4,-11,
7/21/2020,July,Wetland,,,,0.99,16014.6,1,824.2,Soil,2,1,18.7,56,-22,
7/22/2020,July,Upland,,,,0.99,-756.3,0.99,1550.7,Soil,1,4,,,-36.83,
7/22/2020,July,Upland,,,,0.99,-718.2,1,935.4,Soil,1,5,,,-35.56,
7/22/2020,July,Upland,,,,0.97,-507,0.96,798,Soil,1,6,,,-35.56,
7/22/2020,July,Upland,,,,0.98,-375.6,0.99,804.5,Soil,1,2,,,-36.83,
7/22/2020,July,Upland,,,,0.99,-365,1,2094.2,Soil,1,1,,,-36.83,
7/22/2020,July,Upland,,,,0.98,-316.9,1,2112.6,Soil,1,3,,,-36.83,
8/24/2020,August,Upland,,,,0.99,-550,1,2441,Soil,2,4,18.2,13.8,-36.83,
8/24/2020,August,Upland,,,,0.99,-460.5,1,2500.9,Soil,2,5,18.3,8.3,-36.83,
8/24/2020,August,Upland,,,,0.98,-407.2,1,2550.1,Soil,2,6,18.3,19.6,-36.83,
8/24/2020,August,Upland,,,,0.96,-403.6,0.97,849.6,Soil,2,3,19,8.1,-36.83,
8/24/2020,August,Upland,,,,0.94,-256,0.99,1094.5,Soil,2,2,18.2,14.5,-36.83,
8/24/2020,August,Upland,,,,0.92,-253.4,0.97,1274.6,Soil,2,1,18,7.1,-36.83,
8/25/2020,August,Wetland,,,,0.88,-133.4,0.95,1068.8,Soil,2,3,18.5,6.5,-19,
8/25/2020,August,Wetland,,,,0.88,-129.5,0.9,2021.6,Soil,1,1,18.1,27.3,-31,
8/25/2020,August,Wetland,,,,0.75,-88,0.99,2039.5,Soil,1,3,18.7,16.8,-31,
8/25/2020,August,Wetland,,,,0.68,-84.7,1,1403.9,Soil,1,2,18.1,35.1,-31,
8/25/2020,August,Wetland,,,,0.29,-54.2,0.92,587.1,Soil,2,2,19.1,11.4,-19,
8/25/2020,August,Wetland,,,,0,10.2,0.58,-142.2,Soil,2,1,18.7,11.9,-19,
8/25/2020,August,Wetland,,,,0.68,-102.5,1,1456.4,Soil,1,3,18.5,51.7,-11,
8/25/2020,August,Wetland,,,,0.54,-42.1,0.99,1141,Soil,2,2,19,43.5,-22,
8/25/2020,August,Wetland,,,,0.12,-22.6,0.98,894.6,Soil,1,1,18.5,59.2,-11,
8/25/2020,August,Wetland,,,,0.27,-3.4,0.1,-1360.5,Soil,2,1,18.8,52.4,-22,
8/25/2020,August,Wetland,,,,0.85,367.8,1,1039.4,Soil,2,3,18.8,57.6,-22,
8/25/2020,August,Wetland,,,,0.95,1122.5,0.96,283.6,Soil,1,2,18.3,52.6,-11,
8/26/2020,August,Upland,,,,0.99,-1048.9,0.99,1383.2,Soil,1,4,17.8,5.4,-35.6,
8/26/2020,August,Upland,,,,1,-867.9,0.99,680.1,Soil,1,5,17.4,4.9,-35.6,
8/26/2020,August,Upland,,,,1,-664.8,1,891.7,Soil,1,6,17.4,3.8,-35.6,
8/26/2020,August,Upland,,,,0.98,-477.9,0.99,1036.7,Soil,1,2,17.9,8,-36.83,
8/26/2020,August,Upland,,,,0.99,-393.2,0.99,2044.8,Soil,1,3,18.1,2.4,-36.83,
8/26/2020,August,Upland,,,,0.97,-368.6,0.98,1573.5,Soil,1,1,18.4,4.1,-36.83,
8/27/2020,August,Intermediate,,,,0.99,-698.1,1,1118.3,Soil,2,3,16.1,8.3,-29.21,
8/27/2020,August,Intermediate,,,,0.99,-622.7,1,1074.2,Soil,1,3,16.3,17.7,-29.21,
8/27/2020,August,Intermediate,,,,0.99,-439.6,1,1416.1,Soil,2,1,16.1,6.4,-29.21,
8/27/2020,August,Intermediate,,,,0.99,-362.6,1,1618.1,Soil,1,1,16.5,21,-29.21,
8/27/2020,August,Intermediate,,,,0.98,-310,1,1611.6,Soil,2,2,15.7,9.3,-29.21,
8/27/2020,August,Intermediate,,,,0.95,-220.9,1,1855.1,Soil,1,2,16.5,10.5,-29.21,
9/21/2020,September,Upland,,,,0.98,-350.4460753,0.98,329.6253303,Soil,2,1,11.9,3.1,-36.83,
9/21/2020,September,Upland,,,,0.99,-355.8283529,0.99,379.6282659,Soil,2,2,11.5,5.5,-36.83,
9/21/2020,September,Upland,,,,0.98,-769.9148772,0.96,248.3433844,Soil,2,3,12.2,2.6,-36.83,
9/21/2020,September,Upland,,,,0.99,-636.1054756,0.99,385.484588,Soil,2,4,12.2,5.4,-36.83,
9/21/2020,September,Upland,,,,1,-458.1912992,0.97,781.1192283,Soil,2,5,12,4.1,-36.83,
9/21/2020,September,Upland,,,,0.98,-429.8845059,0.97,321.0922206,Soil,2,6,11.6,10.4,-36.83,
9/22/2020,September,Wetland,,,,0.48,-56.76309439,0.93,296.6206752,Soil,1,1,11.4,42.2,-11,
9/22/2020,September,Wetland,,,,0.75,66.92961875,0.97,297.0554833,Soil,1,2,11.6,55.9,-11,
9/22/2020,September,Wetland,,,,0.38,-26.66220851,0.99,394.1263997,Soil,1,3,11.5,46.5,-11,
9/22/2020,September,Wetland,,,,0.59,-27.16056755,0.96,372.3044663,Soil,2,1,12.4,54.3,-22,
9/22/2020,September,Wetland,,,,0.71,-88.10987785,0.97,308.1838541,Soil,2,2,11.9,45.2,-22,
9/22/2020,September,Wetland,,,,0.69,-63.5906132,0.97,270.4098973,Soil,2,3,12.2,55.5,-22,
9/22/2020,September,Wetland,,,,0.96,-200.7390204,1,869.1542881,Soil,1,1,13.2,7.5,-31,
9/22/2020,September,Wetland,,,,0.76,-80.58465638,0.97,406.7765989,Soil,1,2,12.6,4.3,-31,
9/22/2020,September,Wetland,,,,0.71,-149.5077113,0.98,725.8578318,Soil,1,3,13.1,9.2,-31,
9/22/2020,September,Wetland,,,,0.63,-42.21101049,0.99,370.7418746,Soil,2,1,11.8,9.4,-19,
9/22/2020,September,Wetland,,,,0.84,-60.84963849,0.97,285.5058922,Soil,2,2,12.1,4.8,-19,
9/22/2020,September,Wetland,,,,0.98,-247.3355904,0.99,744.9078633,Soil,2,3,12.5,4.1,-19,
9/23/2020,September,Upland,,,,0.98,-362.8552153,1,773.0481023,Soil,1,1,12.9,3.6,-36.83,
9/23/2020,September,Upland,,,,0.98,-446.9283849,0.95,371.991948,Soil,1,2,12.7,4.4,-36.83,
9/23/2020,September,Upland,,,,0.99,-393.554132,0.98,799.1909415,Soil,1,3,12.9,1.7,-36.83,
9/24/2020,September,Upland,,,,0.99,-724.4146971,0.98,430.3513525,Soil,1,4,13,2.4,-35.6,
9/24/2020,September,Upland,,,,0.99,-745.5451203,0.96,312.2058293,Soil,1,5,13,3.4,-35.6,
9/24/2020,September,Upland,,,,0.99,-549.4906749,0.97,273.2089746,Soil,1,6,12.7,3.5,-35.6,
9/23/2020,September,Intermediate,,,,0.99,-406.6609747,0.98,472.1472845,Soil,1,1,12,12.4,-29.21,
9/23/2020,September,Intermediate,,,,0.38,-26.66220851,0.99,394.1263997,Soil,1,2,13,5.3,-29.21,
9/23/2020,September,Intermediate,,,,0.48,-36.87856878,0.93,255.4497798,Soil,1,3,12.7,7.6,-29.21,
9/23/2020,September,Intermediate,,,,0.99,-500.0036225,0.98,797.8457538,Soil,2,1,12.1,3.1,-29.21,
9/23/2020,September,Intermediate,,,,0.97,-294.8790426,1,1038.906102,Soil,2,2,12.4,5.2,-29.21,
9/23/2020,September,Intermediate,,,,0.97,-509.4724442,0.95,412.1437618,Soil,2,3,11.4,5.6,-29.21,
11/6/2020,November,Upland,853,PIST,50.1,0.16,-1.18,0.96,145.62,Tree,,,,,,
11/6/2020,November,Upland,970,ACRU,27.6,0.44,18.14,0.92,366.49,Tree,,,,,,
11/6/2020,November,Upland,1134,QURU,44.7,0.19,2.68,0.76,256.24,Tree,,,,,,
11/6/2020,November,Upland,1550,ACRU,32.2,0.09,0.96,0.99,573.57,Tree,,,,,,
10/27/2020,October,Wetland,1637,ACRU,35.8,0,-5.99,0.98,413.97,Tree,,,,,,
10/27/2020,October,Wetland,1640,TSCA,39,0.3,12.94,0.98,187.76,Tree,,,,,,
10/27/2020,October,Wetland,1641,ACRU,41.3,0.94,361.76,0.97,401.7,Tree,,,,,,
10/27/2020,October,Wetland,1830,ACRU,35,0.14,-0.59,0.99,295.02,Tree,,,,,,
10/27/2020,October,Intermediate,1885,ACRU,34.7,0.06,4.2,0.99,442.31,Tree,,,,,,
10/27/2020,October,Wetland,1926,ACRU,43.3,0.01,2.9,0.76,248.32,Tree,,,,,,
11/6/2020,November,Upland,3355,ACRU,29.8,0.66,10.58,0.96,265.13,Tree,,,,,,
11/6/2020,November,Upland,3359,BELE,30,0.79,34.78,0.82,209.02,Tree,,,,,,
11/6/2020,November,Upland,3533,QURU,39.6,0.53,11.28,1,590.33,Tree,,,,,,
11/6/2020,November,Upland,3564,QURU,52.1,0.24,-4.65,0.9,1019.99,Tree,,,,,,
11/6/2020,November,Upland,3589,QURU,48,0.07,-1.64,0.95,317.26,Tree,,,,,,
10/27/2020,October,Wetland,4103,FRAM,34,0.01,4.82,0.97,396.38,Tree,,,,,,
11/6/2020,November,Upland,4156,QURU,35.5,0.72,20.2,0.92,257.41,Tree,,,,,,
10/27/2020,October,Wetland,4181,BEAL,26,0.01,-0.07,0.99,347.79,Tree,,,,,,
10/27/2020,October,Wetland,4190,BEAL,25,0.01,3.1,1,404.37,Tree,,,,,,
10/27/2020,October,Intermediate,4246,PIST,59.3,0.03,-9.56,0.97,570.81,Tree,,,,,,
10/27/2020,October,Intermediate,4261,TSCA,43.2,0,-13.39,0.63,159.41,Tree,,,,,,
10/27/2020,October,Wetland,4295,ACRU,33.8,0.9,43.3,0.97,283.08,Tree,,,,,,
11/6/2020,November,Upland,4774,BELE,47.1,0,2.63,0.88,327.28,Tree,,,,,,
11/6/2020,November,Upland,4783,QURU,55,0.11,-0.29,0.98,731.82,Tree,,,,,,
10/27/2020,October,Wetland,4797,BEAL,32.1,0.02,2.41,1,479.92,Tree,,,,,,
10/27/2020,October,Intermediate,5078,BEAL,37,0.76,29.41,0.97,854.33,Tree,,,,,,
10/27/2020,October,Intermediate,5086,ACRU,42.5,0.35,-10.5,0.95,311.18,Tree,,,,,,
10/27/2020,October,Intermediate,5091,TSCA,29.7,0.11,4.35,0.99,1405.52,Tree,,,,,,
10/27/2020,October,Intermediate,5092,BELE,36,0,-4.5,1,484.16,Tree,,,,,,
10/27/2020,October,Intermediate,5099,BELE,33.8,0.01,-6.07,0.96,224.17,Tree,,,,,,
11/6/2020,November,Upland,6326,QUAL,35,0.02,-4.15,0.83,427.94,Tree,,,,,,
10/27/2020,October,Intermediate,6371,ACRU,45.3,0.46,6.02,1,517.03,Tree,,,,,,
10/27/2020,October,Intermediate,6393,TSCA,37.6,0.01,-4.42,1,752.81,Tree,,,,,,
11/6/2020,November,Upland,7361,ACRU,34.2,0.85,44.31,0.93,396.36,Tree,,,,,,
11/6/2020,November,Upland,7397,QURU,39.2,0,0,0.99,642,Tree,,,,,,
11/6/2020,November,Upland,7447,BELE,37,0,2.35,0.95,341.2,Tree,,,,,,
11/6/2020,November,Upland,8833,QURU,55,0,0.84,0.99,894.88,Tree,,,,,,
11/6/2020,November,Upland,8835,TSCA,48.7,0.01,-2.97,0.84,163.16,Tree,,,,,,
10/27/2020,October,Wetland,Dead,ACRU,34.1,0.96,89.41,0.99,450.65,Tree,,,,,,
10/27/2020,October,Wetland,Dead,BEAL,32.2,0.92,52.23,0.98,1917.4,Tree,,,,,,
10/27/2020,October,Wetland,Dead,FRAM,30.3,0.1,-0.12,0.95,125.54,Tree,,,,,,
10/27/2020,October,Intermediate,Dead,BELE,29.4,0.09,4.52,0.99,2808.57,Tree,,,,,,
11/6/2020,November,Upland,Dead,ACRU,32.9,0.83,32.45,0.99,4949.73,Tree,,,,,,
11/6/2020,November,Upland,No tag,BELE,37,0.8,25.91,1,715.19,Tree,,,,,,
10/28/2021,October,Intermediate,,,,0.93,-176.27,0.98,955.31,Soil,1,1,10.5,21.6,,
10/28/2021,October,Intermediate,,,,0.95,-100.52,0.98,992.4,Soil,1,2,11.2,19.2,,
10/28/2021,October,Intermediate,,,,0.99,-491.63,1,921.26,Soil,1,3,10.8,12.9,,
10/28/2021,October,Intermediate,,,,0.98,-273.35,1,900.13,Soil,2,1,10.4,17.8,,
10/28/2021,October,Intermediate,,,,0.96,-212.3,0.98,1353.42,Soil,2,2,10.9,9.7,,
10/28/2021,October,Intermediate,,,,0.97,-367.29,0.98,589.22,Soil,2,3,9.9,16.1,,
10/28/2021,October,Upland,,,,0.92,-174.13,0.99,1013.36,Soil,1,1,11.1,23.3,,
10/28/2021,October,Upland,,,,0.97,-373.37,0.99,745.87,Soil,1,2,10.7,18.8,,
10/28/2021,October,Upland,,,,0.96,-211.35,0.99,1101.31,Soil,1,3,11.4,18.8,,
10/28/2021,October,Upland,,,,0.98,-542.61,0.98,691.87,Soil,1,4,10.8,16.2,,
10/28/2021,October,Upland,,,,0.99,-680.11,0.99,736.4,Soil,1,5,10.7,13.9,,
10/28/2021,October,Upland,,,,0.94,-489.79,0.93,754.84,Soil,1,6,10.2,12.4,,
11/6/2021,November,Upland,,,,0.96,-275.64,0.99,725.23,Soil,2,1,9.2,23.6,,
11/6/2021,November,Upland,,,,0.99,-327.67,0.99,565.88,Soil,2,2,9.2,17.2,,
11/6/2021,November,Upland,,,,0.98,-400.08,0.98,356.62,Soil,2,3,9.3,13.3,,
11/6/2021,November,Upland,,,,0.98,-407.06,0.99,572.29,Soil,2,4,9.6,20.9,,
11/6/2021,November,Upland,,,,0.98,-327.62,0.99,697.17,Soil,2,5,9.6,7.4,,
11/6/2021,November,Upland,,,,0.98,-342.57,1,578.47,Soil,2,6,9.3,21.8,,
10/28/2021,October,Wetland,,,,0.06,-17.44,0.98,471.78,Soil,1,1,11.1,62.3,,
10/28/2021,October,Wetland,,,,0.99,9352.31,0.97,319.01,Soil,1,2,10.6,57.6,,
10/28/2021,October,Wetland,,,,0.16,-4.88,0.99,400.2,Soil,1,3,10.7,51.7,,
10/28/2021,October,Wetland,,,,0.62,-45.9,0.99,499.81,Soil,2,1,10.8,57.6,,
10/28/2021,October,Wetland,,,,0.07,-2.49,0.98,745.68,Soil,2,2,10.6,47.4,,
10/28/2021,October,Wetland,,,,0.61,55.27,0.99,540.62,Soil,2,3,10.7,58.2,,
10/28/2021,October,Wetland,,,,0.84,-55.92,1,897.1,Soil,1,1,11.2,19,,
10/28/2021,October,Wetland,,,,0.64,-74.41,0.98,1224.27,Soil,1,2,11,34.7,,
10/28/2021,October,Wetland,,,,0.79,-74.6,0.98,595.51,Soil,1,3,11.5,25.5,,
10/28/2021,October,Wetland,,,,0.14,-20.33,0.98,460.18,Soil,2,1,10.7,24.2,,
10/28/2021,October,Wetland,,,,0.22,4.88,0.98,373.01,Soil,2,2,10.7,16.1,,
10/28/2021,October,Wetland,,,,0.9,-157.03,0.99,914.78,Soil,2,3,10.7,22.8,,
12/14/2020,December,Intermediate,,,,0.64,-67.28,0.85,177.9,Soil,1,1,4.1,32.4,,
12/14/2020,December,Intermediate,,,,0.93,-139.89,0.98,426.53,Soil,1,2,5,22,,
12/14/2020,December,Intermediate,,,,0.98,-418.37,0.96,245.48,Soil,1,3,4.8,23.2,,
12/14/2020,December,Intermediate,,,,0.97,-269.61,0.77,69.23,Soil,2,1,3.9,28.5,,
12/14/2020,December,Intermediate,,,,0.95,-183.5,0.97,229.4,Soil,2,2,5.4,20.2,,
12/14/2020,December,Intermediate,,,,0.99,-447.73,0.97,298.03,Soil,2,3,3.9,24.5,,
12/14/2020,December,Upland,,,,0.91,-108.59,0.93,229.88,Soil,1,1,3.9,11.4,,
12/14/2020,December,Upland,,,,0.89,-214.64,0.92,203.12,Soil,1,2,4.2,24.8,,
12/14/2020,December,Upland,,,,0.86,-137.4,0.92,195.72,Soil,1,3,4,25.1,,
12/14/2020,December,Upland,,,,0.97,-378.11,0.98,244.35,Soil,1,4,4.3,21.3,,
12/14/2020,December,Upland,,,,0.98,-389.07,0.96,244.31,Soil,1,5,5,20.4,,
12/14/2020,December,Upland,,,,0.98,-371.18,0.96,254.21,Soil,1,6,4.5,14.3,,
12/14/2020,December,Upland,,,,0.85,-130.67,0.87,212.76,Soil,2,1,4.1,26.9,,
12/14/2020,December,Upland,,,,0.93,-136.4,0.92,153.3,Soil,2,2,4,30.2,,
12/14/2020,December,Upland,,,,0.93,-175.52,0.83,183.58,Soil,2,3,3.1,24.8,,
12/14/2020,December,Upland,,,,0.96,-217.28,0.98,227.47,Soil,2,4,4.1,26.5,,
12/14/2020,December,Upland,,,,0.9,-164.61,0.95,227.49,Soil,2,5,4,21.8,,
12/14/2020,December,Upland,,,,0.92,-157.33,0.95,169.67,Soil,2,6,3.7,26.1,,
12/14/2020,December,Wetland,,,,0.57,-60.25,0.95,270.94,Soil,1,1,4.6,40.4,,
12/14/2020,December,Wetland,,,,0.64,-46.55,0.92,100.77,Soil,1,2,5.5,40.6,,
12/14/2020,December,Wetland,,,,0.19,-24.82,0.8,84.98,Soil,1,3,5.3,34.3,,
12/14/2020,December,Wetland,,,,0.03,-34.79,0.27,-1.75,Soil,2,1,2.1,38.3,,
12/14/2020,December,Wetland,,,,0.16,14.35,0.03,-8.6,Soil,2,2,2.6,24.5,,
12/14/2020,December,Wetland,,,,0.83,-90,0.97,184.82,Soil,2,3,5.4,28,,
12/14/2020,December,Wetland,,,,0.58,44.85,0.09,243.19,Soil,1,1,3.7,75.6,,
12/14/2020,December,Wetland,,,,0,2.44,0.21,29.95,Soil,1,2,3.3,62.4,,
12/14/2020,December,Wetland,,,,0.21,-38.67,0.79,50.45,Soil,1,3,3.9,58.3,,
12/14/2020,December,Wetland,,,,0.05,-39.87,0.76,100.18,Soil,2,1,4.1,63.2,,
12/14/2020,December,Wetland,,,,0.06,-13.95,0.83,95.47,Soil,2,2,4,50.8,,
12/14/2020,December,Wetland,,,,0.02,-4.98,0.67,118.63,Soil,2,3,4,63.7,,
12/7/2020,December,Intermediate,1885,ACRU,34.7,0.02,-1,0.99,229.95,Tree,,,4.52,25.13,,
12/7/2020,December,Intermediate,4246,PIST,59.3,0.04,2.73,0.97,85.18,Tree,,,4.52,25.13,,
12/7/2020,December,Intermediate,4261,TSCA,43.2,0.03,1.42,0.92,178.48,Tree,,,4.52,25.13,,
12/7/2020,December,Intermediate,5078,BEAL,37,0.45,16.89,0.99,169.29,Tree,,,4.52,25.13,,
12/7/2020,December,Intermediate,5086,ACRU,42.5,0.03,-1.55,0.95,214.29,Tree,,,4.52,25.13,,
12/9/2002,December,Intermediate,5091,TSCA,29.7,0.21,3.68,0.48,20.74,Tree,,,4.52,25.13,,
12/9/2020,December,Intermediate,5092,BELE,36,0.04,-0.38,0.84,70.5,Tree,,,4.52,25.13,,
12/7/2020,December,Intermediate,5099,BELE,33.8,0.01,-3.16,0.99,108.39,Tree,,,4.52,25.13,,
12/9/2021,December,Intermediate,6371,ACRU,45.3,0.09,-0.56,0.94,55.49,Tree,,,4.52,25.13,,
12/9/2020,December,Intermediate,6393,TSCA,37.6,0.44,-2.74,0.98,229.98,Tree,,,4.52,25.13,,
12/8/2020,December,Upland,970,ACRU,27.6,0.64,11.88,0.97,109.05,Tree,,,4.08,22.8,,
12/8/2020,December,Upland,1134,QURU,44.7,0.1,-0.33,0.97,100.22,Tree,,,4.08,22.8,,
12/8/2020,December,Upland,1550,ACRU,32.2,0.08,-0.36,0.97,71.35,Tree,,,4.08,22.8,,
12/8/2020,December,Upland,3355,ACRU,29.8,0.92,35.45,0.99,166.92,Tree,,,4.08,22.8,,
12/8/2020,December,Upland,3359,BELE,30,0.96,37.75,0.99,111.03,Tree,,,4.08,22.8,,
12/8/2020,December,Upland,3564,QURU,52.1,0,-6.8,0.98,190.68,Tree,,,4.08,22.8,,
12/8/2020,December,Upland,3589,QURU,48,0,2.99,0.95,134.95,Tree,,,4.08,22.8,,
12/9/2020,December,Upland,4156,QURU,35.5,0.13,4.57,0.82,19.6,Tree,,,4.08,22.8,,
12/8/2020,December,Upland,4774,BELE,47.1,0.08,6.77,0.97,59.17,Tree,,,4.08,22.8,,
12/8/2020,December,Upland,4783,QURU,55,0.43,3.54,0.89,119.14,Tree,,,4.08,22.8,,
12/8/2020,December,Upland,7361,ACRU,34.2,0.66,16.35,0.9,34.59,Tree,,,4.08,22.8,,
12/8/2020,December,Upland,7397,QURU,39.2,0.05,6.06,0.9,90.94,Tree,,,4.08,22.8,,
12/8/2020,December,Upland,7447,BELE,37,0.1,1.05,0.91,77.68,Tree,,,4.08,22.8,,
12/8/2020,December,Upland,8833,QURU,55,0.2,-0.62,0.92,105.01,Tree,,,4.08,22.8,,
12/8/2020,December,Upland,8835,TSCA,48.7,0,3.65,0.8,58,Tree,,,4.08,22.8,,
12/8/2020,December,Upland,Dead,ACRU,32.9,0.86,48.59,0.9,403.31,Tree,,,4.08,22.8,,
12/7/2020,December,Wetland,1637,ACRU,35.8,0.05,5.22,0.99,168.58,Tree,,,4.04,48.34,,
12/7/2020,December,Wetland,1640,TSCA,39,0,3.01,0.95,78.02,Tree,,,4.04,48.34,,
12/7/2020,December,Wetland,1641,ACRU,41.3,0.95,152.22,0.98,159.36,Tree,,,4.04,48.34,,
12/7/2020,December,Wetland,1830,ACRU,35,0.66,6.81,0.8,95.48,Tree,,,4.04,48.34,,
12/7/2020,December,Wetland,1926,ACRU,43.3,0.08,2.98,0.99,193.95,Tree,,,4.04,48.34,,
12/7/2020,December,Wetland,4103,FRAM,34,0.01,-8.39,0.94,37.52,Tree,,,4.04,48.34,,
12/7/2020,December,Wetland,4181,BEAL,26,0,6.51,0.99,131.99,Tree,,,4.04,48.34,,
12/7/2020,December,Wetland,4190,BEAL,25,0.29,103.91,0.99,159.71,Tree,,,4.04,48.34,,
12/7/2020,December,Wetland,4295,ACRU,33.8,0.16,7.68,0.59,89.92,Tree,,,4.04,48.34,,
12/7/2020,December,Wetland,4797,BEAL,32.1,0.11,0.78,0.98,112.26,Tree,,,4.04,48.34,,
12/7/2020,December,Wetland,Dead,ACRU,34.1,0.99,116.64,0.99,233.37,Tree,,,4.04,48.34,,
12/7/2020,December,Wetland,Dead,BEAL,32.2,0.72,15.32,0.95,370.16,Tree,,,4.04,48.34,,
12/7/2020,December,Wetland,Dead,FRAM,30.3,0.22,-2.84,0.95,74.49,Tree,,,4.04,48.34,,
2/28/2021,February,Intermediate,,,,0.94,-112.23,0.96,71.40,Soil,1,1,1.4,34.4,,
2/28/2021,February,Intermediate,,,,0.77,-62.64,0.84,98.20,Soil,1,2,2.8,30,,
2/28/2021,February,Intermediate,,,,0.97,-299.56,0.93,161.91,Soil,1,3,1.4,25.8,,
2/28/2021,February,Intermediate,,,,0.89,-104.76,0.88,118.66,Soil,2,1,2.5,31.5,,
2/28/2021,February,Intermediate,,,,0.97,-158.43,0.99,252.54,Soil,2,2,3.6,28.6,,
2/28/2021,February,Intermediate,,,,0.98,-247.53,0.96,155.63,Soil,2,3,1.7,35.5,,
2/28/2021,February,Upland,,,,0.84,-116.47,0.90,157.18,Soil,1,1,1.9,19.4,,
2/28/2021,February,Upland,,,,0.91,-182.50,0.32,56.53,Soil,1,2,1.8,27.3,,
2/28/2021,February,Upland,,,,0.93,-100.22,0.95,258.57,Soil,1,3,1.7,27.2,,
2/28/2021,February,Upland,,,,0.86,-224.51,0.86,145.82,Soil,1,4,2.1,23.6,,
2/28/2021,February,Upland,,,,0.93,-231.49,0.71,68.55,Soil,1,5,1.9,18.7,,
2/28/2021,February,Upland,,,,0.90,-299.36,0.80,134.91,Soil,1,6,1.5,18.7,,
2/28/2021,February,Upland,,,,,,,,Soil,2,1,,,,Can’t find
2/28/2021,February,Upland,,,,0.91,-154.49,0.97,309.34,Soil,2,2,2.4,21.5,,
2/28/2021,February,Upland,,,,0.94,-170.04,0.90,99.69,Soil,2,3,0.8,29,,
2/28/2021,February,Upland,,,,0.97,-286.96,0.98,270.98,Soil,2,4,1,32.1,,
2/28/2021,February,Upland,,,,0.97,-201.04,0.94,-483.33,Soil,2,5,2.5,23.9,,
2/28/2021,February,Upland,,,,,,,,Soil,2,6,,,,Can’t find
2/28/2021,February,Wetland,,,,0.84,-76.65,0.08,40.18,Soil,1,1,1.4,41.2,,
2/28/2021,February,Wetland,,,,0.45,-38.92,0.94,172.28,Soil,1,2,2.8,39.1,,
2/28/2021,February,Wetland,,,,0.36,-16.99,0.89,170.13,Soil,1,3,2.6,25.7,,
2/28/2021,February,Wetland,,,,0.00,38.27,0.42,-47.22,Soil,2,1,-0.7,0.5,,Frozen solid
2/28/2021,February,Wetland,,,,0.06,-3.04,0.00,-21.28,Soil,2,2,-0.7,0,,Frozen solid
2/28/2021,February,Wetland,,,,0.88,-114.72,0.83,-254.01,Soil,2,3,2.1,25.8,,
2/28/2021,February,Wetland,,,,0.36,23.07,0.85,71.09,Soil,1,1,1.2,75.9,,
2/28/2021,February,Wetland,,,,0.02,-6.93,0.39,10.48,Soil,1,2,1,51.7,,
2/28/2021,February,Wetland,,,,0.98,201.64,0.95,123.09,Soil,1,3,1.7,59.5,,
2/28/2021,February,Wetland,,,,,,,,Soil,2,1,,,,Can’t find 
2/28/2021,February,Wetland,,,,0.53,38.52,0.99,375.01,Soil,2,2,1,55.3,,
2/28/2021,February,Wetland,,,,0.02,26.21,0.83,-254.01,Soil,2,3,1,58.4,,
2/25/2021,February,Intermediate,1885,ACRU,34.7,0.00,0.26,1.00,219.93,Tree,,,2.2,31.0,,
2/25/2021,February,Intermediate,4246,PIST,59.3,,,,,Tree,,,2.2,31.0,,
2/25/2021,February,Intermediate,4261,TSCA,43.2,0.01,4.77,0.93,245.13,Tree,,,2.2,31.0,,
2/25/2021,February,Intermediate,5078,BEAL,37,0.15,3.61,0.91,47.38,Tree,,,2.2,31.0,,
2/25/2021,February,Intermediate,5086,ACRU,42.5,0.15,2.60,0.31,61.80,Tree,,,2.2,31.0,,
2/25/2021,February,Intermediate,5091,TSCA,29.7,0.02,0.12,0.98,91.45,Tree,,,2.2,31.0,,
2/25/2021,February,Intermediate,5092,BELE,36,0.06,-1.44,0.98,80.24,Tree,,,2.2,31.0,,
2/25/2021,February,Intermediate,5099,BELE,33.8,0.00,-3857.06,0.82,146.99,Tree,,,2.2,31.0,,
2/25/2021,February,Intermediate,6371,ACRU,45.3,0.28,0.27,0.98,176.72,Tree,,,2.2,31.0,,
2/25/2021,February,Intermediate,6393,TSCA,37.6,0.02,-2.68,0.95,115.91,Tree,,,2.2,31.0,,
3/5/2021,March,Upland,853,PIST,50.1,0.00,4.01,0.92,33.35,Tree,,,,,,
3/5/2021,March,Upland,970,ACRU,27.6,0.00,6.66,0.84,33.88,Tree,,,1.8,24.1,,
3/5/2021,March,Upland,1134,QURU,44.7,,,,,Tree,,,1.8,24.1,,
3/5/2021,March,Upland,1550,ACRU,32.2,,,,,Tree,,,1.8,24.1,,
3/5/2021,March,Upland,3355,ACRU,29.8,,,,,Tree,,,1.8,24.1,,
3/5/2021,March,Upland,3359,BELE,30,,,,,Tree,,,1.8,24.1,,
3/5/2021,March,Upland,3564,QURU,52.1,,,,,Tree,,,1.8,24.1,,
3/5/2021,March,Upland,3589,QURU,48,,,,,Tree,,,1.8,24.1,,
3/5/2021,March,Upland,4156,QURU,35.5,,,,,Tree,,,1.8,24.1,,
3/5/2021,March,Upland,4774,BELE,47.1,,,,,Tree,,,1.8,24.1,,
3/5/2021,March,Upland,4783,QURU,55,,,,,Tree,,,1.8,24.1,,
3/5/2021,March,Upland,7361,ACRU,34.2,,,,,Tree,,,1.8,24.1,,
3/5/2021,March,Upland,7397,QURU,39.2,,,,,Tree,,,1.8,24.1,,
3/5/2021,March,Upland,7447,BELE,37,0.00,-0.35,0.86,46.18,Tree,,,1.8,24.1,,
3/5/2021,March,Upland,8833,QURU,55,,,,,Tree,,,1.8,24.1,,
3/5/2021,March,Upland,8835,TSCA,48.7,,,,,Tree,,,1.8,24.1,,
3/5/2021,March,Upland,Dead,ACRU,32.9,,,,,Tree,,,1.8,24.1,,
2/25/2021,February,Wetland,1637,ACRU,35.8,0.14,-2.13,0.97,124.74,Tree,,,1.2,39.4,,
2/25/2021,February,Wetland,1640,TSCA,39,0.14,4.01,0.82,78.38,Tree,,,1.2,39.4,,
2/25/2021,February,Wetland,1641,ACRU,41.3,0.83,107.95,0.67,53.34,Tree,,,1.2,39.4,,
2/25/2021,February,Wetland,1830,ACRU,35,0.00,1.28,0.82,72.46,Tree,,,1.2,39.4,,
2/25/2021,February,Wetland,1926,ACRU,43.3,0.01,-12.15,0.85,282.17,Tree,,,1.2,39.4,,
2/25/2021,February,Wetland,4103,FRAM,34,0.01,-5.49,0.92,93.47,Tree,,,1.2,39.4,,
2/25/2021,February,Wetland,4181,BEAL,26,0.02,-0.99,0.98,76.22,Tree,,,1.2,39.4,,
2/25/2021,February,Wetland,4190,BEAL,25,0.01,-5.80,0.90,54.14,Tree,,,1.2,39.4,,
2/25/2021,February,Wetland,4295,ACRU,33.8,0.46,8.62,0.99,211.11,Tree,,,1.2,39.4,,
2/25/2021,February,Wetland,4797,BEAL,32.1,0.05,0.45,0.84,67.36,Tree,,,1.2,39.4,,
2/25/2021,February,Wetland,Dead,ACRU,34.1,0.94,92.31,0.97,129.33,Tree,,,1.2,39.4,,
2/25/2021,February,Wetland,Dead,BEAL,32.2,0.11,-0.51,0.99,372.93,Tree,,,1.2,39.4,,
2/25/2021,February,Wetland,Dead,FRAM,30.3,0.03,-4.98,0.94,113.26,Tree,,,1.2,39.4,,
